gold_canonical_key,domain_gold_df_fit,max_domain_gold_df_fit,fit_record_count
'-거든',1,18,748
'you' 서사,1,18,748
'이다',1,18,748
(보)조동사,1,18,748
(준)단일어,1,18,748
(준)파생어,1,18,748
-고져,1,18,748
-는데,1,18,748
-어 버리다,1,18,748
-었-,1,18,748
-었느-,1,18,748
-었는,1,18,748
-으러,1,18,748
-으려고,1,18,748
-을걸,1,18,748
0차원,1,18,748
16자문과 세조악보,1,18,748
18세기,1,18,748
1980년대,1,18,748
1박2일,1,18,748
1인가구,1,18,748
1차성,2,18,748
20세기초,1,18,748
2d 핸드메이드 애니메이션,1,18,748
2인칭 서사,1,18,748
2인칭 소설,1,18,748
2차성,2,18,748
32상호와 세종악보,1,18,748
3차성,2,18,748
4차 산업혁명,1,18,748
<(만문)금병매>,1,18,748
<(만문)삼국지>,1,18,748
<ebs 세계테마기행 중국 명대 운하길을 가다>,1,18,748
<구미호뎐>,1,18,748
<국화 옆에서>,1,18,748
<규한록>,1,18,748
<도깨비>,1,18,748
<라이프 오브 파이>,1,18,748
<리그 오브 레전드>,1,18,748
<만문노당>,1,18,748
<명대의 운하길을 걷다-항주에서 북경 2500km 최부의 ‘표해록’ 답사기>,1,18,748
<빅 피쉬>,1,18,748
<임천별곡>,1,18,748
<정이>,1,18,748
<택번요재지이>,1,18,748
<폭싹 속았수다>,1,18,748
<호랑이와 곶감>,1,18,748
<히어로는 아닙니다만>,1,18,748
[±공시성],1,18,748
[물결 21] 코퍼스,1,18,748
a. j. 그레마스,1,18,748
ai 기반 번역,1,18,748
ai 튜터,1,18,748
deco 사전,1,18,748
efl 학습자,2,18,748
efl환경,1,18,748
f-워드 분류,1,18,748
f-워드의 화용론적 기능,1,18,748
façon과 manière,1,18,748
feel the rhythm of korea 전주편 시즌 1·2,1,18,748
k-컬처,1,18,748
ksl 학습자,1,18,748
ksl학습자,1,18,748
l1 성조 기반 피드백,1,18,748
mbti 성격 유형,1,18,748
n-그램,1,18,748
ppcs 척도,1,18,748
r 프로그램,1,18,748
rnn 언어모델,1,18,748
sea 구문,1,18,748
siop 모델,1,18,748
sky 한글 방식,1,18,748
stt 기술,1,18,748
topik 대비 수업,1,18,748
tvn <삼시세끼>,1,18,748
tvn <윤식당>,1,18,748
tv방송,1,18,748
vod 온라인 교사 양성 프로그램,1,18,748
vokeb 타당도,1,18,748
wh-전치,1,18,748
wh-현상,1,18,748
zep 플랫폼,1,18,748
~는 것이다,1,18,748
‘-(다)는 것이다’,1,18,748
‘-(으)ㄴ게’,1,18,748
‘-ㄴ 것이다’ 구문,1,18,748
‘-ㄹ 만하다’,1,18,748
‘-ㄹ 법하다’,1,18,748
‘-고 가다’ 구성,1,18,748
‘-느-’,2,18,748
‘-는-’,1,18,748
‘-다가’,1,18,748
‘-들’,1,18,748
‘-어 가다’ 구성,1,18,748
‘-엄시-’,1,18,748
‘-었-’과 ‘了’,1,18,748
‘-적’,1,18,748
‘-적’의 기능,1,18,748
‘-지가’,1,18,748
‘-지를’,1,18,748
‘k-복합어’,1,18,748
‘n1+의+n2’형 단어,1,18,748
‘x다가 x다가’,1,18,748
‘x다가 y다가 하-’,1,18,748
‘~다가 ~다가’,1,18,748
‘是……的’ 구문,1,18,748
‘가능화’,1,18,748
‘곧다’와 ‘바르다’,1,18,748
‘드위-’,1,18,748
‘성장,1,18,748
‘입’,1,18,748
‘입’ 의 비유적 의미,1,18,748
‘좀’의 문법화,1,18,748
‘좀’의 어휘적 의미 특성,1,18,748
‘좀’의 의미와 기능,1,18,748
‘하-’ 구문,1,18,748
“사랑해”,1,18,748
“장식과범죄”,1,18,748
「눈 이야기」,1,18,748
「옛날의 수사학: 비망록」,1,18,748
「쥘리에트 이야기」,1,18,748
『간양록』,1,18,748
『병자일기』,1,18,748
『판차탄트라』,1,18,748
『포의교집』,1,18,748
가(假),1,18,748
가능 세계,1,18,748
가능성,1,18,748
가능세계,3,18,748
가능세계론,1,18,748
가브리엘 샤넬,1,18,748
가사,1,18,748
가상,1,18,748
가상공간,2,18,748
가상세계,1,18,748
가상이동,1,18,748
가상현실,1,18,748
가스트로노미,1,18,748
가족,1,18,748
가족 관계,1,18,748
가짜열녀,1,18,748
가추,1,18,748
가추법,3,18,748
가치변환,1,18,748
가해자와 피해자,1,18,748
가형목적어,1,18,748
각색,2,18,748
간소화,1,18,748
간접 인용,1,18,748
간접 화행,1,18,748
간접성 전략,1,18,748
간접인용,1,18,748
간접인용문,1,18,748
간접인용절,1,18,748
간접지식,1,18,748
간접화법,1,18,748
간판,1,18,748
갈등 해결 방식,1,18,748
감(검)줄,1,18,748
감각,1,18,748
감각 어휘,1,18,748
감각성,1,18,748
감동법,1,18,748
감사 전략,1,18,748
감사 표현,1,18,748
감사 화행,1,18,748
감성 디자인,1,18,748
감성적 실용주의,1,18,748
감소도식,1,18,748
감정,1,18,748
감정 구조,1,18,748
감정 기호학,1,18,748
감정 비용,1,18,748
감정 척도,1,18,748
감정 표현,1,18,748
감탄 표현,1,18,748
감탄법,1,18,748
강도,3,18,748
강세구,1,18,748
강원도 지역어,1,18,748
강조,1,18,748
같다,1,18,748
개념,1,18,748
개념 의도 체계,1,18,748
개념 지식 표상,1,18,748
개념망,1,18,748
개념어,1,18,748
개념적 은유,1,18,748
개념적 혼성,1,18,748
개발 원리,1,18,748
개별성,1,18,748
개선 방안,3,18,748
개선안,1,18,748
개인적 의지,1,18,748
개입,2,18,748
개작,1,18,748
객가어성조,1,18,748
객관화,1,18,748
거대기계,1,18,748
거시 구조,3,18,748
거시구조,3,18,748
거시적 측면,1,18,748
거절 전략,1,18,748
거절 화행,1,18,748
거주 기간,1,18,748
거짓 공손,1,18,748
건축기호,2,18,748
건축기호모델,2,18,748
건축기호학,5,18,748
건축의 의미,1,18,748
검은 웃음,1,18,748
게임적 리얼리즘,1,18,748
게임플레이,1,18,748
겟 아웃,1,18,748
격,2,18,748
격 어미,1,18,748
격 위계,1,18,748
격 표지,1,18,748
격범주,1,18,748
격언어,1,18,748
격조사,3,18,748
결구적 특징,1,18,748
결속표지,1,18,748
결정론,1,18,748
결정적 시기 가설,1,18,748
결합,4,18,748
결합가,1,18,748
결합물,1,18,748
결합형,4,18,748
결혼이민자,1,18,748
결혼이주,1,18,748
겸양의 격률,1,18,748
경계,2,18,748
경계 공간,1,18,748
경계적 인물,1,18,748
경력교사,1,18,748
경상방언,2,18,748
경어도,1,18,748
경어법,1,18,748
경음화,1,18,748
경쟁,1,18,748
경제성의 원칙,1,18,748
경제원리,1,18,748
경찰수사규칙,1,18,748
경험,1,18,748
경험의 진실,1,18,748
경험적 시간성,1,18,748
계량적 방법,1,18,748
계사,3,18,748
계승어 학습자,2,18,748
계약,1,18,748
계열관계,2,18,748
계열적 분석,1,18,748
계열체,1,18,748
고급 단계 한국어,1,18,748
고급 학습자,1,18,748
고대 민족어,1,18,748
고대 수사학,1,18,748
고등교육,1,18,748
고려인,2,18,748
고립어,1,18,748
고백-명시내용-진술발화,1,18,748
고부갈등,1,18,748
고빈도 클러스터 분석,1,18,748
고압적인 표현,1,18,748
고유 명사,1,18,748
고유 특성,1,18,748
고유어,1,18,748
고유어 낱,1,18,748
고전문학,1,18,748
고정 α,1,18,748
고정관념,1,18,748
고정요소,1,18,748
공간,3,18,748
공간 구문론,1,18,748
공간 분석,1,18,748
공간 통사론,1,18,748
공간 화용론,1,18,748
공간디자인,1,18,748
공간성,1,18,748
공간의미론,1,18,748
공간적 모델,1,18,748
공간적 언어,1,18,748
공간형 콘텐츠,1,18,748
공간화,1,18,748
공공 언어,1,18,748
공공공간,1,18,748
공공기관,1,18,748
공공기관 종사자,1,18,748
공공성,1,18,748
공공언어,18,18,748
공기,1,18,748
공기관계,2,18,748
공기어,1,18,748
공기어 분석,1,18,748
공동 소유물,1,18,748
공문서,2,18,748
공백화,1,18,748
공생공락,1,18,748
공손,1,18,748
공손 전략,1,18,748
공손 표지,1,18,748
공손 표현,1,18,748
공손성,3,18,748
공시 형태론,1,18,748
공시규칙,1,18,748
공시론,1,18,748
공시와 통시의 소통,1,18,748
공시적 단어화,1,18,748
공시태,1,18,748
공적 사과문,1,18,748
공존,1,18,748
공집합,1,18,748
공형태소,1,18,748
과거 사태 지시 표현,1,18,748
과거시제,1,18,748
과거지향,1,18,748
과업 유형,1,18,748
과제기반언어교육,1,18,748
관객성,1,18,748
관계 구조,1,18,748
관계성,1,18,748
관계절,2,18,748
관계화,1,18,748
관광 스토리텔링,1,18,748
관련성 이론,1,18,748
관련성이론,1,18,748
관용 표현,3,18,748
관용의 격률,1,18,748
관점,1,18,748
관찰 기반 범주론,1,18,748
관형격 조사,2,18,748
관형사형 어미,2,18,748
관형절,1,18,748
광고,1,18,748
광동어성조,1,18,748
광장,3,18,748
광학,1,18,748
광화문 현판,1,18,748
광화문광장,1,18,748
괴수,1,18,748
교과 개념어,1,18,748
교과 과정 개편,1,18,748
교과서 기반,1,18,748
교내 활동,1,18,748
교사,1,18,748
교사 교육,3,18,748
교사 인식,4,18,748
교사 자질,1,18,748
교사 재교육,1,18,748
교사 중심 수업,1,18,748
교사 특성,1,18,748
교사 피드백,1,18,748
교사교육,1,18,748
교사말,1,18,748
교수 방안,1,18,748
교수 불안감,2,18,748
교수 실재감,1,18,748
교수 언어,1,18,748
교수-학습 방안,1,18,748
교수역량 인식,1,18,748
교수요목,1,18,748
교수요목 설계,1,18,748
교수자 지원,1,18,748
교수자에 대한 인식,1,18,748
교수진,1,18,748
교수학습 보조자료 삽화,1,18,748
교수학습 콘텐츠,1,18,748
교수학적 변환,2,18,748
교실 언어,1,18,748
교안,1,18,748
교양 한국어,2,18,748
교양 한국어 수업,1,18,748
교양교과목,1,18,748
교양교육,2,18,748
교원 교육,1,18,748
교원 규정 및 직급,1,18,748
교원 양성,1,18,748
교원 운영,1,18,748
교육,2,18,748
교육 내용,1,18,748
교육 방안,1,18,748
교육 자료 개발,1,18,748
교육과정 개발,1,18,748
교육과정 분석,1,18,748
교육과정 설계 원리,1,18,748
교육기호학,1,18,748
교육사상의 인식론적 전회,1,18,748
교육용 애플리케이션,1,18,748
교재,1,18,748
교재 개발,2,18,748
교재 개작,1,18,748
교재 분석,3,18,748
교재 평가,1,18,748
교착 지수,1,18,748
교착어,2,18,748
교체,2,18,748
교체 적정 지점,1,18,748
교체사용,1,18,748
교체의 조건,1,18,748
교환상상력,1,18,748
교환학생,1,18,748
구 마이닝,1,18,748
구개모음화,1,18,748
구개음화,2,18,748
구르망디즈,1,18,748
구문 구조,1,18,748
구문 분석,1,18,748
구문복잡도,1,18,748
구문분석 말뭉치,1,18,748
구분 기제,1,18,748
구비문학,1,18,748
구비문학. 구술성. 담론. 민족성. 형이상학. 연행론. 문학성. 텍스트성. 상호텍스성. 2차 구술성. 상호수동성,1,18,748
구성,3,18,748
구성 형태론,1,18,748
구성요소 n,1,18,748
구성주의,2,18,748
구술 성,1,18,748
구술성,2,18,748
구어,5,18,748
구어 유창성,2,18,748
구어 유창성 평가,1,18,748
구어체,1,18,748
구조,1,18,748
구조격,2,18,748
구체화,1,18,748
국가 수준 교육과정,1,18,748
국가통용언어문자 정책,1,18,748
국가표준체계,1,18,748
국립한글박물관,1,18,748
국문연구소,1,18,748
국민학교 졸업장 텍스트,1,18,748
국부성 조건,1,18,748
국어 교육,1,18,748
국어 형태론,1,18,748
국어과 교육과정,1,18,748
국어교육,1,18,748
국어기본법,2,18,748
국어문화원,1,18,748
국어정화운동,1,18,748
국어책임관,2,18,748
국외 한국어 교사,1,18,748
국적취득,1,18,748
국제 문자 부호계,1,18,748
국제 통용 한국어 표준 교육과정,1,18,748
국제 통용 한국어 표준교육과정,1,18,748
국제결혼시스템,1,18,748
국제음성기호,1,18,748
국제표준,1,18,748
국지성,1,18,748
국표,1,18,748
군주제,1,18,748
군집 분석,1,18,748
굴절,2,18,748
굴절광학,1,18,748
굴절부,1,18,748
굴절인칭,1,18,748
굴절적응,1,18,748
굴절접사,1,18,748
굿,1,18,748
궁체,1,18,748
권력,3,18,748
권선징악,1,18,748
권위적 표현,1,18,748
규모,1,18,748
규칙,3,18,748
규칙성,1,18,748
규칙순,1,18,748
균질성의 원칙,1,18,748
그레마스,3,18,748
그레마스 기호사각형,1,18,748
그로테스크,2,18,748
그로테스크 리얼리즘,1,18,748
그룹 뮤,2,18,748
그림자 논항,1,18,748
그림책,1,18,748
극복,1,18,748
극성 역전,1,18,748
근거 자료,1,18,748
근대 음악,1,18,748
근대문학,1,18,748
근대성,2,18,748
근원양태,1,18,748
글쓰기,3,18,748
금기,3,18,748
금기 위반,1,18,748
금융 도메인 감성분석,1,18,748
금줄,1,18,748
긍정,1,18,748
긍정명령문과 부정명령문의 허가 조건,1,18,748
기계 번역,1,18,748
기계 번역 문식성,1,18,748
기계번역,1,18,748
기계번역 리터러시,1,18,748
기계적 종속,1,18,748
기계학습,1,18,748
기념사,1,18,748
기념식,1,18,748
기념식 중계,1,18,748
기능,1,18,748
기능동사,3,18,748
기능범주,2,18,748
기능주의,2,18,748
기대,1,18,748
기대 가치 비용,1,18,748
기도문,1,18,748
기록,2,18,748
기본 맛 가설,1,18,748
기본상태,1,18,748
기본적 의미,1,18,748
기본형,2,18,748
기생 텍스트,1,18,748
기생충,1,18,748
기술담화,1,18,748
기술적 상상,1,18,748
기술적 이미지,1,18,748
기술형,1,18,748
기식적 유성음,1,18,748
기억,2,18,748
기억 연구,1,18,748
기억 재현,1,18,748
기원 해체성,1,18,748
기원(祈願),1,18,748
기입표면,1,18,748
기저형,3,18,748
기점,1,18,748
기정성,1,18,748
기하학적 예술,1,18,748
기호,4,18,748
기호 기능론,1,18,748
기호 생산 이론,1,18,748
기호 생성론,1,18,748
기호간 번역,1,18,748
기호론,2,18,748
기호사각형,2,18,748
기호성,1,18,748
기호세계 소통 준칙,1,18,748
기호유형론,1,18,748
기호이데올로기,1,18,748
기호인류학,1,18,748
기호작용,2,18,748
기호적 브리콜라주,1,18,748
기호포함구조,1,18,748
기호학,18,18,748
기호학 분석,1,18,748
기호학분석,1,18,748
기호학연구,1,18,748
기호학의 역사,1,18,748
기호학의 주체,1,18,748
기호학자,1,18,748
기호학적 공해,2,18,748
기호학적 발상,1,18,748
기호학적 사각형,1,18,748
기호학적 실천,1,18,748
기호학적 인식론,1,18,748
기호학적 존재양식,1,18,748
기호학적 행위,1,18,748
긴장,1,18,748
긴장구조,1,18,748
긴장도식,3,18,748
길랴크어,1,18,748
김동인,1,18,748
김두봉,1,18,748
김연수,1,18,748
김유신 설화,1,18,748
김지하,1,18,748
김형직사범대학교,1,18,748
깊이,1,18,748
까마귀의 살해,1,18,748
깨달음,2,18,748
꿈,1,18,748
뀔리오리 이론,1,18,748
나랏글 방식,1,18,748
나무모형,1,18,748
나열,1,18,748
난이도,1,18,748
남녀의 사회적 역학관계,1,18,748
남북한,1,18,748
남성중심주의,1,18,748
남초 커뮤니티,1,18,748
낭만적 사랑,1,18,748
낯설게 보기,1,18,748
내러티브,1,18,748
내러티브 자아,1,18,748
내러티브 탐구,2,18,748
내러티브적 상상력,1,18,748
내부 영역,1,18,748
내삽현상,1,18,748
내심합성어,1,18,748
내용,1,18,748
내용 언어 통합 접근법,1,18,748
내용 중심 교수법,1,18,748
내용의 구조화,1,18,748
내재적 도상성,1,18,748
내텍스트화,1,18,748
내포,2,18,748
내포절,1,18,748
내핵관계절,1,18,748
네오-마르크스주의,1,18,748
노동시,1,18,748
논리학,1,18,748
논문 작성,1,18,748
논증,2,18,748
논증 구조,1,18,748
논증 분석,1,18,748
논증력,1,18,748
논증적 글쓰기,1,18,748
논증텍스트,1,18,748
논증형,1,18,748
논평,1,18,748
논항,3,18,748
논항 교체,1,18,748
논항 특성,1,18,748
놀이,1,18,748
놀이성,1,18,748
농담,1,18,748
뇌지도,1,18,748
뇌파,1,18,748
뇌파기호,1,18,748
뇌파의 세미오시스,1,18,748
뇌파커뮤니케이션,1,18,748
누리 세종 학당,1,18,748
누리-세종학당,1,18,748
느낌표(!),1,18,748
능력,2,18,748
다감각적 경험,1,18,748
다국면 라쉬 모형,1,18,748
다단어표현,1,18,748
다매체 텍스트,1,18,748
다문화 배경 학생,1,18,748
다문화 사회,1,18,748
다문화 커뮤니케이션,1,18,748
다문화가정,1,18,748
다문화유아 언어교육,1,18,748
다문화주의,1,18,748
다성성,2,18,748
다성적 목소리,1,18,748
다언어 표기,1,18,748
다언어주의,1,18,748
다언어통합처리,1,18,748
다요인데이터,1,18,748
다원성의 결여,1,18,748
다의성,2,18,748
다의성 동사,1,18,748
다의어,1,18,748
다이센트,1,18,748
다이어그램,2,18,748
다자인,1,18,748
다중 wh-의문문,1,18,748
다중 어휘부 구조 가설,1,18,748
다중문화주의,1,18,748
다중양상,1,18,748
다중언어 교수법,1,18,748
다중언어 정체성,1,18,748
다중언어 화자,1,18,748
다중언어·다중문화 역량,1,18,748
다중언어사회,1,18,748
다중언어주의,1,18,748
다중회귀분석,1,18,748
다항 로지스틱 회귀모델,1,18,748
단독사용,1,18,748
단모음,2,18,748
단성적 목소리,1,18,748
단어 분류 체계,1,18,748
단어 연상 과제,1,18,748
단어 임베딩,1,18,748
단어 정보의 기억,1,18,748
단어 체계,1,18,748
단어 형성,8,18,748
단어 형성 모형,1,18,748
단어 형성법,1,18,748
단어 형성부,1,18,748
단어 형성의 공시성,1,18,748
단어 형성의 역사,1,18,748
단어성,2,18,748
단어인지,1,18,748
단어장 작성,1,18,748
단어틀,1,18,748
단어형성,1,18,748
단어형성규칙,2,18,748
단어형성론,2,18,748
단원 구성,1,18,748
단원의 주제,1,18,748
단음표기,1,18,748
단의,1,18,748
단일어,2,18,748
단일어성,1,18,748
단일절,1,18,748
단일화,1,18,748
단축 표기,1,18,748
단형 서정시,1,18,748
달라지는 대전생활,1,18,748
담론,3,18,748
담론적 소통,1,18,748
담화,4,18,748
담화 기능,3,18,748
담화 기호학,1,18,748
담화 분석,4,18,748
담화 전략,3,18,748
담화 현동태,1,18,748
담화기능,2,18,748
담화분석,1,18,748
담화영역,1,18,748
담화의 변화,1,18,748
담화표지,2,18,748
담화표지 ‘좀’,1,18,748
담화표지화,1,18,748
담화화,2,18,748
당위 양 태,1,18,748
당화찬요,1,18,748
대격조사,1,18,748
대구,1,18,748
대구 방언,1,18,748
대구광역시,1,18,748
대규모언어모델,1,18,748
대답’과 ‘대답 없음’,1,18,748
대등성,1,18,748
대등절,1,18,748
대리보충,1,18,748
대만 한국어 학습자,1,18,748
대명사성 계사,1,18,748
대명사인칭,1,18,748
대박,1,18,748
대상,1,18,748
대안세계,1,18,748
대안제시,1,18,748
대용용언,1,18,748
대전광역시,1,18,748
대조,2,18,748
대조 연구,2,18,748
대조분석,2,18,748
대조언어학,2,18,748
대중가요,1,18,748
대중적 향수,1,18,748
대체,1,18,748
대체(代替),1,18,748
대체로,1,18,748
대치,2,18,748
대표화,1,18,748
대학 교양 글쓰기,1,18,748
대학 교양 읽기 교육,1,18,748
대학 글쓰기,1,18,748
대학생 글쓰기,1,18,748
대학생 영어학습자,1,18,748
대학영어교육,1,18,748
대한성공회 서울주교좌성당,1,18,748
대화,2,18,748
대화 분석,1,18,748
대화문,1,18,748
대화문법,1,18,748
대화분석,1,18,748
대화의 격률,1,18,748
대화적,1,18,748
대화적 공간 축소,1,18,748
대화적 공간 확대,1,18,748
대화적 문제 해결,1,18,748
대화적 소통,1,18,748
대화주의,1,18,748
데이브 더 다이버,1,18,748
데이터 시각화,1,18,748
데카르트,1,18,748
도구지향적 언어태도,1,18,748
도대체,1,18,748
도덕적 창 조성. sf 내러티브,1,18,748
도메인,2,18,748
도메인 매핑,1,18,748
도메인분역,1,18,748
도상,1,18,748
도상기호,1,18,748
도상성,1,18,748
도상해석학,1,18,748
도시 공간,1,18,748
도시 공간 기호학,1,18,748
도시 기호학,1,18,748
도시 생태,1,18,748
도시 연구,1,18,748
도시 환경,1,18,748
도시공간 의미,1,18,748
도시기호,1,18,748
도시기호학,4,18,748
도식,1,18,748
도식명사 '것',1,18,748
도해적 추론,1,18,748
도해전략,1,18,748
독립신문,1,18,748
독일,1,18,748
독자,1,18,748
독자적 의미,1,18,748
돈 주앙,1,18,748
동계올림픽,1,18,748
동굴의 우화,1,18,748
동남 방언,1,18,748
동남아어성조,1,18,748
동력학,1,18,748
동료성,1,18,748
동명사,1,18,748
동물모방춤,1,18,748
동물모의춤,1,18,748
동물표상,1,18,748
동사 형태부,1,18,748
동사 활용,1,18,748
동사․형용사 품사 통용,1,18,748
동사구내 주어가설,1,18,748
동사합성어,1,18,748
동시 진행,1,18,748
동아시아,1,18,748
동아시아 정원,1,18,748
동원,1,18,748
동위성,1,18,748
동위소,2,18,748
동음이의어,1,18,748
동의어,1,18,748
동의의 격률,1,18,748
동일성,1,18,748
동작류,1,18,748
동작성이 강한 동사,1,18,748
동적 양태,1,18,748
동적양태,1,18,748
동정의 격률,1,18,748
동제,1,18,748
동종 화자,1,18,748
동향 분석,1,18,748
되묻기 의문문,1,18,748
두더지 혼인,1,18,748
두문자어,1,18,748
두음절어,1,18,748
뒤,1,18,748
뒤섞기,1,18,748
드라마 대화,1,18,748
드라마 언어,1,18,748
드로몰로지,1,18,748
듣기 노출 시간,1,18,748
듣기 능력,1,18,748
듣기 불안,1,18,748
듣기 이해,1,18,748
듣기 자료 평가,1,18,748
듣기 전략,1,18,748
듣기 효능감,1,18,748
듣기인지 전략,1,18,748
등재,3,18,748
등재 연구의 범위,1,18,748
등재 요소,1,18,748
등재소 연결망,1,18,748
등재의 기준,1,18,748
등재의 차원,1,18,748
디아스포라,1,18,748
디자이너의 사고방법,1,18,748
디자인 범주,1,18,748
디자인 씽킹,2,18,748
디제시스,3,18,748
디지털,2,18,748
디지털 게임,4,18,748
디지털 교재,1,18,748
디지털 도서관,1,18,748
디지털 리터러시,2,18,748
디지털 생태계,1,18,748
디지털 편집본,1,18,748
디카시,1,18,748
딜레마,1,18,748
딥러닝,3,18,748
때문,1,18,748
똥,1,18,748
뜰길걷기 문장,1,18,748
띄어쓰기,2,18,748
라블레,1,18,748
라이브캡션,1,18,748
랑그,1,18,748
랜덤 포레스트,1,18,748
랩,1,18,748
랩의 문학성,1,18,748
러시아 우주론,1,18,748
러시아인 한국어 학습자,1,18,748
레난,1,18,748
레비-스트로스 요리 삼각형,1,18,748
레비나스,1,18,748
레시피,1,18,748
로고스,1,18,748
로동신문,1,18,748
로마니제이션,1,18,748
로만 야콥슨의 커뮤니케이션 기능 이론,1,18,748
로블록스,1,18,748
로지스틱 회귀분석,1,18,748
로지스틱회귀분석,1,18,748
롤랑 바르트,7,18,748
루도크로니아,1,18,748
루도토피아,1,18,748
루돌로지,1,18,748
루브릭,1,18,748
르네 지라르,1,18,748
르페브르,1,18,748
리듬,1,18,748
리듬분석,1,18,748
리메이크,1,18,748
리뷰 텍스트의 신뢰도,1,18,748
리얼리즘,2,18,748
리얼리티 쇼,1,18,748
리얼리티 예능 프로그램,1,18,748
리얼리티 프로그램,2,18,748
리커트 척도,1,18,748
리콜 수행능력. 디지털 매체,1,18,748
리틀 포레스트,1,18,748
리플리컨트,1,18,748
마네,1,18,748
마약,1,18,748
마우리치오 랏자라또,1,18,748
마음 은유,1,18,748
마음 이론,1,18,748
마이크로 러닝,3,18,748
마침표(.),1,18,748
마케팅,1,18,748
만족도,1,18,748
만주실록,1,18,748
만주어,2,18,748
만주어 문어,1,18,748
말,1,18,748
말뭉치,3,18,748
말뭉치 기반 분석,1,18,748
말뭉치 분석,1,18,748
말뭉치 언어학,1,18,748
말하기 교육,1,18,748
말하기 능력,1,18,748
말하기 평가,1,18,748
말하기평가,1,18,748
맛 어휘,1,18,748
맛 형용사,1,18,748
매개,1,18,748
매개 모음,1,18,748
매개효과,1,18,748
매국,1,18,748
매체,1,18,748
매체 문식성,1,18,748
매체 텍스트 읽기,1,18,748
매체장르,1,18,748
매체학,1,18,748
맥락,3,18,748
맥락 적절성,1,18,748
맥락의 구성,1,18,748
맥락의 작용,1,18,748
맥락의 표상,1,18,748
맥락적 요인,1,18,748
맥락적 의미,1,18,748
맥락화 단서,1,18,748
맹목적 추동력,1,18,748
머신 러닝,1,18,748
멀티미디어,1,18,748
멀티미디어 텍스트,1,18,748
메신저 코퍼스,1,18,748
메타 담화적 서술화,1,18,748
메타 차원,1,18,748
메타-인식론,1,18,748
메타버스,4,18,748
메타볼,1,18,748
메타볼 유형,1,18,748
메타분석,1,18,748
메타언어 피드백,1,18,748
메타텍스트,1,18,748
메타퍼,1,18,748
메타포,1,18,748
멜로영화,1,18,748
면에 대한 생각,1,18,748
명령문,1,18,748
명령자질의 어휘범주와 기능법주의 인접성,1,18,748
명령형 종결어미,1,18,748
명사,1,18,748
명사 종결 형식,1,18,748
명사 파생 접미사,1,18,748
명사구 보문 구성,1,18,748
명사문,3,18,748
명사적 후치사. 동사적 후치사,1,18,748
명사절,1,18,748
명사절 기능의 의문형 종결 어미,1,18,748
명사절 상당 구성,1,18,748
명사형 어미 -(으)ㅁ,1,18,748
명사화,1,18,748
명사화소,2,18,748
명성황후언간체,1,18,748
명제문,1,18,748
명품패션브랜드,1,18,748
모국어 배경,1,18,748
모국어 전이,1,18,748
모더니즘,1,18,748
모더니티,1,18,748
모델화,1,18,748
모두를 위한 불멸,1,18,748
모바일 기반,1,18,748
모바일 메신저 대화,1,18,748
모바일 미디어,1,18,748
모바일 스토리텔링,1,18,748
모바일 어플리케이션,1,18,748
모바일폰,1,18,748
모방 욕망,1,18,748
모방예술,1,18,748
모방춤,1,18,748
모사성,1,18,748
모순,1,18,748
모음,1,18,748
모음 체계,2,18,748
모음조화,1,18,748
모,1,18,748
모,1,18,748
목소리,1,18,748
목적어,1,18,748
목적지향성,1,18,748
목표,1,18,748
몰개성화,1,18,748
몰입,1,18,748
몰입성,1,18,748
몸,2,18,748
몹시,1,18,748
몽골 어군,1,18,748
몽골어,4,18,748
몽어노걸대,1,18,748
무격언어,1,18,748
무계획,1,18,748
무대-스크린,1,18,748
무속,2,18,748
무속신화,1,18,748
무와 유,1,18,748
무크,1,18,748
무표화,1,18,748
무한,1,18,748
무한도전,2,18,748
무효화,1,18,748
문답과정,1,18,748
문두성분,1,18,748
문말의 ‘좀’,1,18,748
문맥,2,18,748
문명충돌,1,18,748
문법,1,18,748
문법 교수 역량,1,18,748
문법 교육,2,18,748
문법 모형,1,18,748
문법 범주,1,18,748
문법 오류,1,18,748
문법 오류판단,1,18,748
문법 항목,1,18,748
문법 형태 습득,1,18,748
문법 형태 습득 순서,1,18,748
문법교육,1,18,748
문법상,1,18,748
문법적 시간 표현,1,18,748
문법적 접근,1,18,748
문법적인 오류,1,18,748
문법지식 응용화,1,18,748
문법체계,1,18,748
문법화,14,18,748
문식성,1,18,748
문어,1,18,748
문어산출,1,18,748
문어체,1,18,748
문의,1,18,748
문자,1,18,748
문자 매체,1,18,748
문자 목록,1,18,748
문자 표기 방식,1,18,748
문자-도상,1,18,748
문자-지표,1,18,748
문자기호,1,18,748
문자기호학,1,18,748
문자의 형상성,1,18,748
문자적 추상화,1,18,748
문자정보기술,1,18,748
문장,1,18,748
문장 부호,1,18,748
문장 성분,2,18,748
문장서법,1,18,748
문장성분,1,18,748
문장초월적,1,18,748
문제 해결형 글,1,18,748
문체,3,18,748
문체 구조,1,18,748
문체법,1,18,748
문학 연구,1,18,748
문학과 지성사,1,18,748
문학사(文學史),1,18,748
문학성,1,18,748
문학작품,1,18,748
문항 구현 방법,1,18,748
문항 유형,1,18,748
문항반응이론,1,18,748
문해력,1,18,748
문화,4,18,748
문화 간 감수성,1,18,748
문화 간 의사소통 능력,1,18,748
문화 모델,1,18,748
문화 상호주의,1,18,748
문화 유형론,1,18,748
문화 적응,1,18,748
문화간 의사소통,1,18,748
문화간 의사소통 능력,1,18,748
문화경영,1,18,748
문화교육,1,18,748
문화기호학,1,18,748
문화산업,1,18,748
문화섬,1,18,748
문화소,1,18,748
문화적 기억,2,18,748
문화적 리터러시,1,18,748
문화적 세미오시스,1,18,748
문화적 잡종성,1,18,748
문화적 정체성,1,18,748
문화컨텐츠 창작,1,18,748
문화콘텐츠,3,18,748
물,1,18,748
물리적 이동,1,18,748
물음표(?),1,18,748
물질,1,18,748
물질성,1,18,748
뮈토세미오시스,1,18,748
뮈토스,3,18,748
미각,1,18,748
미각 생리학,1,18,748
미각 어휘,1,18,748
미국,1,18,748
미국 내 한국어 교육,1,18,748
미국 대학 한국어 교육,1,18,748
미국인 한국어 학습자,1,18,748
미들랜드영어의 특징,1,18,748
미디어,3,18,748
미디어 담화,1,18,748
미디어 패러다임,1,18,748
미디어 횡단성,1,18,748
미디어아트,1,18,748
미메시스,1,18,748
미생,1,18,748
미셸 우엘벡,2,18,748
미셸 푸코,1,18,748
미술비평,1,18,748
미시 구조,1,18,748
미시구조,3,18,748
미얀마인 한국어 학습자,1,18,748
미완료,1,18,748
미장센,1,18,748
미적 기능,1,18,748
미첼,1,18,748
미학,1,18,748
민감화,1,18,748
민담,1,18,748
민속방법론,2,18,748
민원인 응대 언어,1,18,748
민음사,1,18,748
민정음,1,18,748
민족주의,1,18,748
민중적담시,1,18,748
믿음,1,18,748
믿음의 진실,1,18,748
밈,1,18,748
바꿈,1,18,748
바꿔 쓰기,1,18,748
바르트,1,18,748
바흐친,2,18,748
바흐친의 대화주의,1,18,748
박물관,1,18,748
박물관 커뮤니케이션,1,18,748
박물관기호학,1,18,748
박지원,1,18,748
반 데이크,1,18,748
반-문화,1,18,748
반말체 종결어미,1,18,748
반복,3,18,748
반복점화,1,18,748
반사실성,1,18,748
반신화성,2,18,748
반의어,1,18,748
반자동 언어데이터 증강,1,18,748
반재구효과,1,18,748
발생적 관점,1,18,748
발신자,1,18,748
발음 변형,1,18,748
발음 불안,2,18,748
발음 불안 요인,1,18,748
발음 오류 양상,2,18,748
발음 철자,1,18,748
발음 평가 api,1,18,748
발음 학습,1,18,748
발음교육,2,18,748
발작,1,18,748
발전 방향,1,18,748
발표 주제,1,18,748
발할라,1,18,748
발화,3,18,748
발화 방식,1,18,748
발화 작용,1,18,748
발화 전략,1,18,748
발화 현동태,2,18,748
발화내용,1,18,748
발화수반 논리,1,18,748
발화수반력,1,18,748
발화수반력 가족,1,18,748
발화양태,1,18,748
발화연산,1,18,748
발화좌표계,1,18,748
발화행위,6,18,748
방송,1,18,748
방언,2,18,748
방언 변이형,1,18,748
방언 분포,1,18,748
방언 의식,1,18,748
방언 접촉,1,18,748
방언 형태론,1,18,748
방점한글,1,18,748
방점한글 폰트,1,18,748
방탄소년단,2,18,748
방탄소년단 콘텐츠,1,18,748
방향,1,18,748
방향성,2,18,748
방향적 대립,1,18,748
방향적 은유,1,18,748
배음 대 소음 비율,1,18,748
배제,1,18,748
백워드 설계모형,1,18,748
버림,1,18,748
번역,2,18,748
번역 오류,1,18,748
번역 전략,1,18,748
번역교육,1,18,748
번역의 수용,1,18,748
번역의 영향 요인,1,18,748
번역의 이해,1,18,748
범어 율조와 장단,1,18,748
범어 율조와 정간보,1,18,748
범언어적 연구,1,18,748
범위,2,18,748
범주,3,18,748
범주 설정 원칙,1,18,748
범주 지시,1,18,748
범주 통용,1,18,748
범주 특성,1,18,748
범주론,1,18,748
범주적 지각,1,18,748
범주화,1,18,748
법,1,18,748
법령 용어,1,18,748
법률용어,1,18,748
법칙,1,18,748
베르테르,1,18,748
베트남,1,18,748
베트남 비원어민 한국어 교원,1,18,748
베트남 여성결혼이민자,1,18,748
베트남 유학생,1,18,748
베트남 학습자,1,18,748
베트남 한국어 학습자,1,18,748
베트남 한자어 음운론,1,18,748
베트남어,1,18,748
베트남어권 한국어 학습자,1,18,748
베트남어성조,1,18,748
베트남어표기,1,18,748
베트남인 한국어 학습자,2,18,748
벤야민,1,18,748
벨‒에포크,1,18,748
변론부,1,18,748
변별적 환원,1,18,748
변이,2,18,748
변이문,1,18,748
변주,1,18,748
변증부,2,18,748
변천 양상,1,18,748
변항,1,18,748
변화,1,18,748
별,1,18,748
별이 빛나는 밤,1,18,748
병렬 구성,1,18,748
병렬 말뭉치,1,18,748
병렬구조,1,18,748
병렬적 스토리텔링,1,18,748
병합,1,18,748
병행,1,18,748
보격 조사,1,18,748
보고,1,18,748
보그랑드,1,18,748
보다,1,18,748
보도 자료,2,18,748
보도기사,1,18,748
보들레르,1,18,748
보리스 그로이스,1,18,748
보문,1,18,748
보문절,1,18,748
보어,4,18,748
보조 용언,3,18,748
보조사,2,18,748
보조용언 구성,1,18,748
보조화행,1,18,748
보존,1,18,748
보충,1,18,748
보충법,1,18,748
보호교수,1,18,748
복수 접근법,1,18,748
복수 표지,1,18,748
복원 가능 달성,1,18,748
복원 불가능 달성,1,18,748
복원가능성,1,18,748
복잡성,1,18,748
복합 서술어 구성,1,18,748
복합 양식 텍스트,1,18,748
복합양식성,1,18,748
복합어,1,18,748
복합어 표지,1,18,748
복합체,1,18,748
복합형 한국어 인재,1,18,748
본문,1,18,748
본시 수업 단계,1,18,748
본질적,1,18,748
본풀이,1,18,748
봉합,1,18,748
부(副),1,18,748
부가어,1,18,748
부동사,1,18,748
부름말,1,18,748
부모의 이중언어 교육 신념,1,18,748
부모의 이중언어 능력,1,18,748
부분,1,18,748
부분 문법 그래프,2,18,748
부사,1,18,748
부사어 형성 접미사,1,18,748
부사형 연결어미,1,18,748
부정,1,18,748
부정 보문소,1,18,748
부정격,1,18,748
부정관사,1,18,748
부정의 축출,1,18,748
부정적 감정,1,18,748
부정적 기술자,1,18,748
부조화-해소 이론,1,18,748
부치사,1,18,748
부호화 문자,1,18,748
북한 어학연수,1,18,748
북한 유학,1,18,748
북한어,1,18,748
북한의 조선어교육,1,18,748
북한이탈주민,1,18,748
북한이탈주민의 날,1,18,748
분류 기준,1,18,748
분류사,1,18,748
분류사 개(個),1,18,748
분리,1,18,748
분리작용,2,18,748
분석적 평가,1,18,748
분열문,2,18,748
분열증적 주체성,1,18,748
분절음,1,18,748
분포,2,18,748
분포확장,1,18,748
분할,1,18,748
분할단위,1,18,748
불,1,18,748
불가사리,1,18,748
불규칙 용언,1,18,748
불규칙 활용,2,18,748
불손,1,18,748
불안,2,18,748
불완전계열,1,18,748
불완전한 해석,1,18,748
불이(不二),1,18,748
불일치 유형,1,18,748
불평 화행,1,18,748
불평화행,1,18,748
뷰티 인사이드,1,18,748
브랜드,1,18,748
브랜드 가치,1,18,748
브랜드 구성요소,1,18,748
브랜드 인식,1,18,748
브랜드 정체성,1,18,748
브랜드정체성,1,18,748
브랜드커뮤니케이션,1,18,748
브랜디드 콘텐츠,1,18,748
브리야 사바랭,1,18,748
브리콜라주,1,18,748
블러브,1,18,748
블레이드 러너,1,18,748
블레이드 러너 2049,1,18,748
블렌디드 러닝,2,18,748
블록,1,18,748
비(非),1,18,748
비격식체 종결어미,1,18,748
비결정론,1,18,748
비결정성,1,18,748
비계승어 학습자,1,18,748
비교,2,18,748
비교 연구,1,18,748
비교과프로그램,1,18,748
비교문학,1,18,748
비교문화적 화용론,2,18,748
비대격 동사,1,18,748
비대면 교육 환경,1,18,748
비대면 수업,2,18,748
비대면 시대,1,18,748
비대칭 오류,1,18,748
비대칭성,1,18,748
비도클,1,18,748
비동의,1,18,748
비릴리오,1,18,748
비본질적,1,18,748
비선형,1,18,748
비어,1,18,748
비언어 커뮤니케이션,1,18,748
비언어 행위,1,18,748
비언어적 의사소통,1,18,748
비완결상,2,18,748
비원어민 교사,1,18,748
비원어민 교원,1,18,748
비원어민한국어교사,1,18,748
비유창성 요소,1,18,748
비음화,1,18,748
비인간,1,18,748
비인간 행위자,1,18,748
비인식양태,1,18,748
비일상성,1,18,748
비자립형식,1,18,748
비전형적 피동 기능,1,18,748
비정통적 표지,1,18,748
비제한적 구성,1,18,748
비주관적,1,18,748
비즈니스 한국어,1,18,748
비지시적 튜터링,1,18,748
비판,1,18,748
비판적 담화 분석,1,18,748
비판적 담화 연구,1,18,748
비판적 담화분석,3,18,748
비판적 포스트휴머니즘,1,18,748
비평,1,18,748
비평적,1,18,748
비평적 담화분석,1,18,748
비하,1,18,748
빅 데이터,1,18,748
빅토르 위고,1,18,748
빅토르안,1,18,748
빈도,5,18,748
빈도 효과,1,18,748
빌렘 플루서,1,18,748
빛,1,18,748
빛-스크린,1,18,748
빵부스러기,1,18,748
사건,2,18,748
사건관련전위,1,18,748
사건구조,1,18,748
사건함수,1,18,748
사고구술,1,18,748
사과,1,18,748
사과 화행,1,18,748
사동 접미사,1,18,748
사드,1,18,748
사랑해,1,18,748
사례 연구,2,18,748
사례연구,1,18,748
사례제시,1,18,748
사물의 체계,1,18,748
사민필지,1,18,748
사법통역,1,18,748
사색,1,18,748
사설,1,18,748
사용 빈도,2,18,748
사용 실태,1,18,748
사용 양상,2,18,748
사용역,1,18,748
사용역 요인,1,18,748
사운드,1,18,748
사운드 설치 작품,1,18,748
사운드 테크놀로지,1,18,748
사유이미지,1,18,748
사이 공간,1,18,748
사이공간,1,18,748
사이버 한국어,1,18,748
사이버 한국어 과정,1,18,748
사이비(似而非),1,18,748
사이시옷,1,18,748
사이언스 픽션,2,18,748
사이언스픽션,1,18,748
사전,1,18,748
사진,3,18,748
사쿠라자카 히로시,1,18,748
사회 관계망 서비스,1,18,748
사회 통합 프로그램,1,18,748
사회경제적 비용,1,18,748
사회과,1,18,748
사회언어학,1,18,748
사회언어학적 변이,1,18,748
사회언어학적 함의,1,18,748
사회적 거리,2,18,748
사회적 네트워크 서비스,1,18,748
사회적 예속,1,18,748
사회적 의무,1,18,748
사회적 지위,2,18,748
사회적스릴러,1,18,748
사회학적 상상력,1,18,748
산과 바다,1,18,748
산스끄리뜨와 정간보,1,18,748
삶의 형식,1,18,748
삼각검증,1,18,748
삼국사기,1,18,748
삼국시대,1,18,748
삼단구성,1,18,748
삼시세끼,1,18,748
삼재론,1,18,748
삼중언어자,1,18,748
삽화,1,18,748
상,2,18,748
상 역할,1,18,748
상(相),1,18,748
상견니,1,18,748
상관관계,1,18,748
상관관계 분석,1,18,748
상관성,1,18,748
상대적 서열,1,18,748
상대적 속도,1,18,748
상대적 양방향 가공,1,18,748
상보적 대립,1,18,748
상보적 분포,1,18,748
상상,1,18,748
상상계,1,18,748
상상의 정체성,1,18,748
상세화,1,18,748
상세화 구조,1,18,748
상승 도식,1,18,748
상승도식,2,18,748
상승분석,1,18,748
상위 개념 이해,1,18,748
상위어 표현,1,18,748
상위적 개념,1,18,748
상적 속성,1,18,748
상적 유형,1,18,748
상적 의미,1,18,748
상적 자질,1,18,748
상적 해석,1,18,748
상적자질,1,18,748
상징,5,18,748
상징계,1,18,748
상징기호,1,18,748
상징적 심상,1,18,748
상징체계,2,18,748
상징화,1,18,748
상태,2,18,748
상태 변화,1,18,748
상태변화,1,18,748
상태성이 강한 동사,1,18,748
상태적 진행상,1,18,748
상투적,1,18,748
상호 매체성,1,18,748
상호문화 감수성,2,18,748
상호문화 능력,1,18,748
상호문화 의사소통 능력,1,18,748
상호문화 인식,1,18,748
상호문화 접근법,1,18,748
상호문화관점,1,18,748
상호문화교육,2,18,748
상호문화적 의사소통,1,18,748
상호성,1,18,748
상호작용,9,18,748
상호작용 모달리티,1,18,748
상호작용론적 관점,1,18,748
상호작용사회언어학,1,18,748
상호주체성,1,18,748
상호텍스트성,3,18,748
상화,1,18,748
상황,1,18,748
상황 맥락,2,18,748
상황개념,1,18,748
상황의미,1,18,748
상황인지,2,18,748
상황인지이론,1,18,748
새벽,1,18,748
새정보,1,18,748
색채 표현,1,18,748
색채어,1,18,748
생득론적 관점,1,18,748
생략,1,18,748
생략현상,1,18,748
생명시학,1,18,748
생명정치,1,18,748
생산성,2,18,748
생성,2,18,748
생성 형태론,1,18,748
생성문법,2,18,748
생성어휘부이론,1,18,748
생성행로,2,18,748
생성형 ai,2,18,748
생성형 인공지능,3,18,748
생성형태론,1,18,748
생애주기,1,18,748
생체에너지장,1,18,748
생태언어학,1,18,748
생태학,1,18,748
샤넬,1,18,748
샤넬룩,1,18,748
샤를르 보들레르,1,18,748
서면 담화,1,18,748
서면 피드백,1,18,748
서벌턴,1,18,748
서법,1,18,748
서법표지,1,18,748
서브 장르,1,18,748
서사,8,18,748
서사 기호학,2,18,748
서사 분석 모델,1,18,748
서사 세계,1,18,748
서사 세계 구성 요건,1,18,748
서사 시점,1,18,748
서사 전략,1,18,748
서사 차원,1,18,748
서사구조,1,18,748
서사도식,2,18,748
서사적,1,18,748
서사적 변형,2,18,748
서사텍스트,1,18,748
서사화,1,18,748
서술 관점의 전이,1,18,748
서술 활동,1,18,748
서술성,1,18,748
서술성 명사,1,18,748
서술성 판별,1,18,748
서술어,1,18,748
서술적 문장 표현,1,18,748
서술절,1,18,748
서양선교사,1,18,748
서평,1,18,748
석독구결,1,18,748
선(線),1,18,748
선사예술,1,18,748
선사이미지,1,18,748
선어말어미,3,18,748
선언-함축내용-수행발화,1,18,748
선언텍스트,1,18,748
선언텍스트 종류,1,18,748
선언화행,1,18,748
선정성,1,18,748
선조건 층위,1,18,748
선조성,1,18,748
선택,1,18,748
선택 특성,1,18,748
선택가능의 일루젼,1,18,748
선택지,1,18,748
선형 공공공간,1,18,748
선호도,1,18,748
설명문,2,18,748
설명형,1,18,748
설문조사 분석,1,18,748
설화,4,18,748
설화 도식,1,18,748
설화에 대한 기호학적 연구,1,18,748
설화의 기원지향성,1,18,748
설화의 탈 기원성,1,18,748
섬,1,18,748
성,1,18,748
성격유형,1,18,748
성구 교수법,1,18,748
성구 능력,1,18,748
성구론,1,18,748
성구소,1,18,748
성능 평가,1,18,748
성대진동시작시간,1,18,748
성별,1,18,748
성분,1,18,748
성분통어,1,18,748
성상주의,1,18,748
성상파괴주의,1,18,748
성서기호학,1,18,748
성서번역,1,18,748
성속의 경계 짓기,1,18,748
성인 문식성,1,18,748
성장담,1,18,748
성장서사,1,18,748
성적인 조크,1,18,748
성조부호,1,18,748
성조숫자,1,18,748
성찰,1,18,748
성찰 구조,1,18,748
성찰 글쓰기,1,18,748
성찰 글쓰기 교수법,1,18,748
성찰 일지,1,18,748
성찰일지,1,18,748
성취 기준,1,18,748
성평등,1,18,748
성화(聖化),1,18,748
세 개의 수동 형태,1,18,748
세계관,3,18,748
세계전산언어학회,1,18,748
세노피타고리언 범주,1,18,748
세로토닌,1,18,748
세미오시스,2,18,748
세미오시스 구조,1,18,748
세이두 케이타,1,18,748
세종 말뭉치,1,18,748
세종 학당,1,18,748
세종대왕,1,18,748
세종말뭉치,1,18,748
세종실록,1,18,748
세종학당,2,18,748
세종학당 사이버한국어 초급,1,18,748
세종한국어평가,1,18,748
셈의 대상,1,18,748
소구,1,18,748
소구 형성 규칙,1,18,748
소극적 확신,1,18,748
소녀로 변신한 쥐,1,18,748
소만,1,18,748
소비에트 공산주의,1,18,748
소셜 네트워크,1,18,748
소셜 네트워크 분석,1,18,748
소쉬르,2,18,748
소음,1,18,748
소절,1,18,748
소집단 활동,1,18,748
소집단 활동에 관한인식,1,18,748
소통,2,18,748
소통 전략,1,18,748
소통성,4,18,748
소회의실,1,18,748
속격,2,18,748
속격조사,1,18,748
손 없는 색시,1,18,748
수강 신청,1,18,748
수동 estar,1,18,748
수동 se,1,18,748
수동 ser,1,18,748
수량구조,1,18,748
수사,3,18,748
수사 구조,1,18,748
수사 구조 이론,1,18,748
수사관계,1,18,748
수사구조이론,2,18,748
수사적 조작,1,18,748
수사학,3,18,748
수사학적 공간,1,18,748
수신자,3,18,748
수신자의 참여,1,18,748
수업 연계 튜터링,1,18,748
수업 운영 사례,1,18,748
수업 전문성,1,18,748
수용성,1,18,748
수용자,1,18,748
수용적 서술화,1,18,748
수의적 음운 현상,1,18,748
수정,1,18,748
수준별 표현용 사전,1,18,748
수직축 전치사,1,18,748
수행성,2,18,748
수행적 전환,2,18,748
수행주체,1,18,748
숙달도,2,18,748
숙련도,1,18,748
순간성 동사,1,18,748
순명효황후언간체,1,18,748
순서 교대,1,18,748
순행 상관관계,1,18,748
순화,1,18,748
순화어,2,18,748
순환하는 지시체,1,18,748
술목 구조,1,18,748
술어도치 이동,1,18,748
쉬는 시간,1,18,748
쉬운 글,1,18,748
쉬운 언어 사용,1,18,748
스냅 사진,1,18,748
스마트 모바일,1,18,748
스마트 이동전화기,1,18,748
스웨덴어,1,18,748
스칼비니,1,18,748
스크린의 세미오시스,1,18,748
스키마,1,18,748
스타 셰프,1,18,748
스토리텔링,2,18,748
스포츠,1,18,748
스포츠계열 학과 학생,1,18,748
스피노자,1,18,748
습관 화,1,18,748
승리지상주의,1,18,748
시,2,18,748
시각,2,18,748
시각 기호학,1,18,748
시각 메시지,1,18,748
시각 자료,1,18,748
시각 커뮤니케이션디자인,1,18,748
시각광선,1,18,748
시각적 근대성,1,18,748
시각적 이미지,1,18,748
시각적 정체성,1,18,748
시간,2,18,748
시간 부사,2,18,748
시간 이동,1,18,748
시간 참조점,1,18,748
시간여행 드라마,1,18,748
시간적 정서 기호학,1,18,748
시간적 지향성,1,18,748
시간화,1,18,748
시그널,1,18,748
시나리오,1,18,748
시니피앙,1,18,748
시대 상황,1,18,748
시론,1,18,748
시뮬레이션,1,18,748
시스템 개발,1,18,748
시의 음악성,1,18,748
시적 언어,1,18,748
시제,3,18,748
시제 표지,1,18,748
시청각 자료,1,18,748
시평,1,18,748
시학,1,18,748
시험 유형,1,18,748
식물기호학,1,18,748
식자성,1,18,748
신,1,18,748
신경인지적 조절,1,18,748
신경학적 재현,1,18,748
신남방 국가,1,18,748
신년제의,1,18,748
신뢰도 분석,1,18,748
신뢰의 계약,1,18,748
신명,1,18,748
신문 기사,1,18,748
신문 보도 텍스트,1,18,748
신문 사설,1,18,748
신문 텍스트,1,18,748
신문 헤드라인,1,18,748
신문기사,1,18,748
신문만평,1,18,748
신문보도,1,18,748
신문텍스트,1,18,748
신분질서,1,18,748
신비주의,1,18,748
신승(神繩),1,18,748
신어,6,18,748
신유물론,1,18,748
신조어,1,18,748
신체 부분 명칭,1,18,748
신체 자아,1,18,748
신체-행위소,1,18,748
신체적 증상,1,18,748
신체화,2,18,748
신화,5,18,748
신화담론,1,18,748
신화론,1,18,748
신화성,4,18,748
실내원예,1,18,748
실수,1,18,748
실시간 온라인 수업,1,18,748
실시간 원격 수업,1,18,748
실시간 원격 수업 평가,1,18,748
실용주의,2,18,748
실재,2,18,748
실제,1,18,748
실제 상황,1,18,748
실제 세계,1,18,748
실존기호학,1,18,748
실천,1,18,748
실천 논증,1,18,748
실천공동체,1,18,748
실험,1,18,748
실험 가설,1,18,748
심리술어,1,18,748
심리어휘부,5,18,748
심리언어학,1,18,748
심리언어학적 언어 처리,1,18,748
심리적 실재성,4,18,748
심리적 외상,1,18,748
심리적 이동,1,18,748
심방,1,18,748
심상,1,18,748
심성서사(心性敍事),1,18,748
심성소설,1,18,748
심적 표상,1,18,748
심층 면담,2,18,748
심층면접,1,18,748
심층어휘부,1,18,748
심화기 단계,1,18,748
싶다,2,18,748
싶다 구문,1,18,748
싸이더커족,1,18,748
쌍방향 실시간 온라인 플랫폼,1,18,748
쌍형어,1,18,748
쓰기,1,18,748
쓰기 교육,2,18,748
쓰기 실천,1,18,748
쓰기 채점,1,18,748
쓰기 평가,1,18,748
씨가지,1,18,748
씨끝바꿈,1,18,748
아나크로니즘,1,18,748
아니마,1,18,748
아돌프 로스,1,18,748
아랍어 방언,1,18,748
아랍어와 한국어 대조,1,18,748
아랍어표기,1,18,748
아리스토텔레스,1,18,748
아비투스,1,18,748
아야츠지 유키토,1,18,748
아이러니,1,18,748
아이의 울음,1,18,748
아이콘,1,18,748
아즈마 히로키,1,18,748
아쿠스마틱,1,18,748
아테네 아크로폴리스,1,18,748
아프리카 사진,1,18,748
안 현수,1,18,748
안구 운동 추적,1,18,748
알기 쉬운 자료,1,18,748
알레고리,1,18,748
알렉세이 유르착,2,18,748
알로이스 리글,1,18,748
알하젠,1,18,748
암묵적 연상,1,18,748
암시,1,18,748
앙드레 바쟁,1,18,748
앙리 르페브르,1,18,748
앙상블,1,18,748
앞,1,18,748
앞표지,1,18,748
애국,1,18,748
애정,1,18,748
약어,1,18,748
약칭어,1,18,748
약함,1,18,748
약호,1,18,748
양가성,1,18,748
양면성,1,18,748
양보,3,18,748
양성모음,1,18,748
양태,4,18,748
양태 용언,1,18,748
양태성,1,18,748
양태화,2,18,748
양화 표현,1,18,748
어간,2,18,748
어간말 자음,1,18,748
어간의 명료성,1,18,748
어간의 유리성,1,18,748
어간합성어,1,18,748
어근,2,18,748
어기,2,18,748
어느 섬의 가능성,2,18,748
어두 자음,1,18,748
어두 초성,1,18,748
어문규정,1,18,748
어미,3,18,748
어쌔신 크리드,1,18,748
어원,1,18,748
어원 정보,1,18,748
어의,1,18,748
어절,1,18,748
어중 초성,1,18,748
어학교재,1,18,748
어휘,2,18,748
어휘 교육,2,18,748
어휘 구현,1,18,748
어휘 능력,1,18,748
어휘 다양도,3,18,748
어휘 복잡성,1,18,748
어휘 사용 분석,1,18,748
어휘 사용 양상,2,18,748
어휘 상,1,18,748
어휘 양적 측정,1,18,748
어휘 유형,1,18,748
어휘 의미적인 오류,1,18,748
어휘 지식,1,18,748
어휘 지식 표상,1,18,748
어휘 처리,2,18,748
어휘 체계,1,18,748
어휘 판단 과제,1,18,748
어휘 평가,1,18,748
어휘 표상,1,18,748
어휘 항목,1,18,748
어휘 화용론,1,18,748
어휘-문법 프레임,1,18,748
어휘교육,1,18,748
어휘력,1,18,748
어휘력 발달,1,18,748
어휘발달지연,1,18,748
어휘부,7,18,748
어휘부 양상,1,18,748
어휘부 최적화,1,18,748
어휘부문,1,18,748
어휘상,2,18,748
어휘상 유형,1,18,748
어휘상적 특성,1,18,748
어휘성 판단,1,18,748
어휘소,1,18,748
어휘의미,1,18,748
어휘의미론,1,18,748
어휘적 복수형,1,18,748
어휘적 시간 표현,1,18,748
어휘적 연결 관계,1,18,748
어휘특성문,1,18,748
어휘판단과제,3,18,748
어휘표상,1,18,748
어휘학습전략,2,18,748
어휘화,5,18,748
억양,1,18,748
억양 단위,1,18,748
억양 발달 과정,1,18,748
언문,1,18,748
언술주체,1,18,748
언어,4,18,748
언어 경험,2,18,748
언어 경험 설문,1,18,748
언어 교육,1,18,748
언어 권력,1,18,748
언어 기능,1,18,748
언어 기반성,1,18,748
언어 능력,1,18,748
언어 데이터 증강,1,18,748
언어 모델,1,18,748
언어 변이,1,18,748
언어 보편성,1,18,748
언어 사용 배경,1,18,748
언어 세미오시스,1,18,748
언어 습득,1,18,748
언어 유형론,1,18,748
언어 자원,1,18,748
언어 자질 설계,1,18,748
언어 정책,2,18,748
언어 정체성,1,18,748
언어 중립성,1,18,748
언어 지역,1,18,748
언어 지지학,1,18,748
언어 차별,1,18,748
언어 취약 계층,1,18,748
언어 태도,1,18,748
언어 학습 투자,1,18,748
언어-내용의 통합적 교육,1,18,748
언어-비언어 연속성,1,18,748
언어·비언어 기호 분석,1,18,748
언어간 전이,1,18,748
언어경관,1,18,748
언어교육,1,18,748
언어구조,1,18,748
언어권별 오류,1,18,748
언어기호,1,18,748
언어내적 전이,1,18,748
언어사회화,1,18,748
언어상호의존가설,1,18,748
언어숙달도,1,18,748
언어연구의 네 가지 공리,1,18,748
언어유희,1,18,748
언어의 변화,1,18,748
언어인류학,1,18,748
언어자각 프로그램,1,18,748
언어적 이념,1,18,748
언어적 표현,1,18,748
언어철학,1,18,748
언어태도,1,18,748
언어통하기,1,18,748
언어학적 담화분석(담화언어학),1,18,748
언어학적 지식,1,18,748
언어학적 특징,1,18,748
언어화,1,18,748
언어활동,2,18,748
얼굴보기,1,18,748
얼굴의 윤리학,1,18,748
엄격성,1,18,748
에듀-테크,1,18,748
에듀테크,2,18,748
에로티슴,1,18,748
에로티즘,1,18,748
에이리언,1,18,748
에이리언 – 아이솔레이션,1,18,748
에코,1,18,748
에코의 지시 이론,1,18,748
엔티티,1,18,748
엘무크,1,18,748
엘무크 유형 분류,1,18,748
여격,1,18,748
여성 결혼이민자,1,18,748
여성 결혼이민자 교육,1,18,748
여성 이주 소설,1,18,748
여성결혼이민자,1,18,748
여성성,1,18,748
여성혐오,1,18,748
여신,1,18,748
여행,1,18,748
여행 경험,1,18,748
역량,1,18,748
역사,1,18,748
역사 스토리텔링,1,18,748
역사 자료 말뭉치,1,18,748
역설,1,18,748
역어유해,1,18,748
역행 상관관계,1,18,748
역행조응,1,18,748
역형성,1,18,748
연결어미,5,18,748
연결어미 -ㄴ지,1,18,748
연구 경향성,1,18,748
연구 과제,1,18,748
연구 동향,1,18,748
연구 동향 분석,1,18,748
연구 활동,1,18,748
연구사,2,18,748
연극 <궁리>,1,18,748
연기자,1,18,748
연대기,1,18,748
연동작용,2,18,748
연령,1,18,748
연변,1,18,748
연변 방언,1,18,748
연변조선족자치주,1,18,748
연보,1,18,748
연속순환성,1,18,748
연어,1,18,748
연어 관계 분석,1,18,748
연어유형,1,18,748
연어패턴,1,18,748
연주,1,18,748
연행성,1,18,748
열녀,1,18,748
열녀비,1,18,748
영동 지역어,1,18,748
영상 매체,1,18,748
영상텍스트,1,18,748
영상평가,1,18,748
영상피드백,1,18,748
영속적 이해,1,18,748
영어,1,18,748
영어 f-워드,1,18,748
영어 기초학력,1,18,748
영어 발표,1,18,748
영어 사설,1,18,748
영어 숙달도,1,18,748
영어 한국어 통신 언어,1,18,748
영어교육 경험,1,18,748
영어학습,1,18,748
영역 분석,1,18,748
영웅,1,18,748
영웅성,1,18,748
영원,1,18,748
영화,1,18,748
영화 <그린 파파야 향기>,1,18,748
영화기표,1,18,748
영화기호학,3,18,748
예견의 역설,1,18,748
예능,1,18,748
예덕선생전,1,18,748
예비 한국어 교사,1,18,748
예비 한국어 교원,1,18,748
예비한국어교원,1,18,748
예술의지,1,18,748
예술적 상호조응,1,18,748
오독,1,18,748
오류 분석,4,18,748
오류 수정,1,18,748
오류분석,1,18,748
오르가논 모델,1,18,748
오은영의 금쪽같은 내 새끼,1,18,748
오타쿠,1,18,748
오페라,1,18,748
오픈월드,1,18,748
옥텟,1,18,748
온-오프 혼합 수업,1,18,748
온라인 강의,1,18,748
온라인 교육,4,18,748
온라인 구전 텍스트,1,18,748
온라인 국어 교육,1,18,748
온라인 기반 평가,1,18,748
온라인 리뷰 텍스트,1,18,748
온라인 메신저,1,18,748
온라인 번역기,1,18,748
온라인 세종학당,5,18,748
온라인 수업,1,18,748
온라인 언어,1,18,748
온라인 의사소통,1,18,748
온라인 읽기 이해,1,18,748
온라인 학습,1,18,748
온라인 한국어 교육,2,18,748
온라인 한국어 문화 프로그램,1,18,748
온라인 협업 교육 도구,1,18,748
온라인세종학당,1,18,748
온오프라인 교육,1,18,748
온오프라인 학습 환경,1,18,748
온톨로지,1,18,748
올 유 니드 이즈 킬,1,18,748
올랭피아,1,18,748
올림픽,1,18,748
완결상,2,18,748
완료,2,18,748
완료성,1,18,748
완전 해석 원리,1,18,748
완화,1,18,748
완화 표현,1,18,748
완화표현 ‘좀’,1,18,748
외교 담화,1,18,748
외국어 불안,2,18,748
외국어 표기,1,18,748
외국어로서의 영작문,1,18,748
외국어로서의 조선어교육,1,18,748
외국어로서의 한국어,3,18,748
외국어로서의 한국어 교육,1,18,748
외국어로서의 한국어교육,5,18,748
외국어표기,1,18,748
외국인 교원,1,18,748
외국인 대학원생,2,18,748
외국인 악센트,1,18,748
외국인 어투,1,18,748
외국인 유학생,2,18,748
외국인 학부생,1,18,748
외국인 학습자,1,18,748
외국인학부생,1,18,748
외래어,2,18,748
외부 영역,1,18,748
외솔,1,18,748
외심합성어,1,18,748
외침- 발성,1,18,748
외화면,1,18,748
왼새끼줄,1,18,748
요구 분석,1,18,748
요구 조사,3,18,748
요리,1,18,748
요리 행위,1,18,748
요리의 문화성,1,18,748
요약,1,18,748
요인분석,1,18,748
요청 화행,1,18,748
욕구,1,18,748
욕망,2,18,748
욕망의 삼각형,1,18,748
용기(容器)로서의 입 은유,1,18,748
용례,1,18,748
용비어천가,2,18,748
용어학,1,18,748
용언 ‘같-’,1,18,748
용언 복합어,1,18,748
용이성,5,18,748
용필법 특징,1,18,748
우리말본,1,18,748
우즈베크어,1,18,748
우즈베크인 한국어 학습자,1,18,748
우즈베키스탄,1,18,748
우즈베키스탄 한국어 학습자,1,18,748
우화,1,18,748
운동학적 사,1,18,748
운영 현황,1,18,748
운현궁의 봄,1,18,748
움베르토 에코,1,18,748
움벨트,1,18,748
웃는 남자,1,18,748
원리,1,18,748
원순성,1,18,748
원어 정보,1,18,748
원어민 교원,1,18,748
원어민성,1,18,748
원질신화,1,18,748
원형,2,18,748
원형장면,1,18,748
원형적 구조,1,18,748
월인천강지곡,1,18,748
웹 기반 한국어 교육,1,18,748
웹사이트,1,18,748
웹서비스,1,18,748
위계적인 표현,1,18,748
위대한 어머니,1,18,748
위반,1,18,748
위상공간,1,18,748
위상기호학,1,18,748
위상학적,1,18,748
위성,1,18,748
위스망스,1,18,748
위치 장,1,18,748
위치 행위소,2,18,748
위치결정,1,18,748
위치기반 모바일 게임,1,18,748
위치장,1,18,748
유교,2,18,748
유기음화,1,18,748
유도 논증,1,18,748
유도 화행,1,18,748
유머,1,18,748
유명론,1,18,748
유미의 세포들,1,18,748
유사 병렬 구성,1,18,748
유사 병렬항,1,18,748
유사 어휘,1,18,748
유사(類似),1,18,748
유사성,5,18,748
유사와 반복,1,18,748
유사제의,1,18,748
유음화,1,18,748
유의 관계,1,18,748
유의 관계 어휘,1,18,748
유의어,1,18,748
유정성,1,18,748
유정성 위계,1,18,748
유정성의 부호화,1,18,748
유창성,2,18,748
유추,13,18,748
유추 모델,1,18,748
유추 유형,2,18,748
유추의 틀,1,18,748
유튜브 플랫폼,1,18,748
유표성,2,18,748
유학생,1,18,748
유해류 역학서,1,18,748
유형 강제,1,18,748
유형 빈도,3,18,748
유형론,1,18,748
유형론적 판별 기준,1,18,748
유형학,1,18,748
윤리학,1,18,748
융‧복합,1,18,748
융합,1,18,748
융합 교육과정,1,18,748
융합 구성,1,18,748
은어,1,18,748
은유,8,18,748
은유 이론,1,18,748
음가,1,18,748
음가 변화,1,18,748
음높이,1,18,748
음성군,1,18,748
음성모음,1,18,748
음성언어,1,18,748
음성언어적 요소,1,18,748
음성합성,1,18,748
음소 경계,1,18,748
음식,1,18,748
음식 제공,1,18,748
음식기호학,1,18,748
음식문화,1,18,748
음식문화브랜드,1,18,748
음식의 일상성,1,18,748
음악,1,18,748
음악 기반 언어 학습,1,18,748
음악 인지,1,18,748
음악 패턴,1,18,748
음악가,1,18,748
음운 규칙 습득,1,18,748
음운 대조,1,18,748
음운 변동,1,18,748
음운사,1,18,748
음운인식,1,18,748
음운인지,1,18,748
음장,1,18,748
음절 수,1,18,748
음절 정보,1,18,748
음절말 자음군,1,18,748
음절어,1,18,748
응결 장치,1,18,748
응결성,1,18,748
응고체,1,18,748
응답 오류,1,18,748
응용 언어학,1,18,748
응용기호학,1,18,748
응집성,3,18,748
의도,1,18,748
의도 분석 4원소,1,18,748
의도성,1,18,748
의도적 내용 분석,1,18,748
의료,1,18,748
의료커뮤니케이션,2,18,748
의무양태,1,18,748
의문첨사,1,18,748
의문형 종결 어미,1,18,748
의미,3,18,748
의미 강도,1,18,748
의미 개념화,1,18,748
의미 관계,1,18,748
의미 구조,1,18,748
의미 변화,1,18,748
의미 분화,1,18,748
의미 유사도 분석,1,18,748
의미 전이,1,18,748
의미 전환,1,18,748
의미 차이,1,18,748
의미 체계,1,18,748
의미 파생,1,18,748
의미 확장,2,18,748
의미격,1,18,748
의미구조,1,18,748
의미론적,1,18,748
"의미부(주제부, 전략부, 변증부, 변론부)",1,18,748
의미부류,1,18,748
의미부여,1,18,748
의미상의 유연성,1,18,748
의미생성행로,1,18,748
의미생성행정 모델,1,18,748
의미소,1,18,748
의미역,1,18,748
의미역 기준,1,18,748
의미의 동역학,1,18,748
의미의 은유적 확장,1,18,748
의미작용,5,18,748
의사-환자 대화,1,18,748
의사분열문,1,18,748
의사소통,2,18,748
의사소통 교육,1,18,748
의사소통 교육의 목표,1,18,748
의사소통 전략,2,18,748
의사소통능력,1,18,748
의사소통의 원리,1,18,748
의사소통적 과제,1,18,748
의사소통적 규범,1,18,748
의사소통전략,1,18,748
의사파생,1,18,748
의소,3,18,748
의식,1,18,748
의존 명사,3,18,748
의존어표지,1,18,748
의존형태소,1,18,748
의지,1,18,748
의태어,1,18,748
이공본풀이,1,18,748
이기동,1,18,748
이념,1,18,748
이념적·대인적·텍스트적 표현,1,18,748
이데올로기,6,18,748
이데올로기적 되어가기,1,18,748
이독성,1,18,748
이독성 요인,1,18,748
이동,2,18,748
이동동사,1,18,748
이동사건,1,18,748
이동성,1,18,748
이동하는 산,1,18,748
이두,1,18,748
이란 크리올,1,18,748
이론,1,18,748
이론 구성적 기능,1,18,748
이론어휘부,1,18,748
이론의 확장,1,18,748
이론적 정합성,1,18,748
이면적 차별어,1,18,748
이미 알려진 정보,1,18,748
이미지,5,18,748
이미지 기호학,2,18,748
이미지 생성 ai,1,18,748
이미지의 정보성,1,18,748
이미지텔링,1,18,748
이미지화된 텍스트,1,18,748
이븐 알-헤이탐,1,18,748
이상,1,18,748
이상적 의사소통,1,18,748
이야기,3,18,748
이야기 분석,1,18,748
이야기 원형,1,18,748
이원분산분석,1,18,748
이원적 서사 세계,1,18,748
이유 표현,1,18,748
이종 화자,1,18,748
이주 노동자,1,18,748
이주배경 학습자,1,18,748
이주배경청소년,1,18,748
이중 구조,1,18,748
이중 언어 교육,1,18,748
이중 언어 화자,1,18,748
이중 주어,1,18,748
이중 표상,1,18,748
이중곡용,1,18,748
이중모음,1,18,748
이중언어,1,18,748
이중언어 교육,1,18,748
이중언어 능력,1,18,748
이중언어 아동,1,18,748
이중언어능력,1,18,748
이중언어반,1,18,748
이중언어화자,1,18,748
이중제약,1,18,748
이중주어 구문,1,18,748
이중주어문,1,18,748
이질성,1,18,748
이코노텍스트,1,18,748
이항 대립,1,18,748
이항구조,1,18,748
이항대립,1,18,748
이해 명료도,1,18,748
이해가능성,1,18,748
이해도,1,18,748
이해중심 교육과정,1,18,748
이형태,2,18,748
이형태 규칙,1,18,748
이형태 단일화,1,18,748
익힘책,1,18,748
익힘활동책,1,18,748
인(仁),1,18,748
인간,1,18,748
인간-자연 관계,1,18,748
인공낙원,1,18,748
인공지능,3,18,748
인과성,1,18,748
인권,1,18,748
인덱스,1,18,748
인도네시아 한국어 학습자,1,18,748
인도인 한국어 학습자,1,18,748
인물구도,1,18,748
인쇄,1,18,748
인쇄 매체 광고 텍스트,1,18,748
인스턴트 메신저,1,18,748
인식,3,18,748
인식 양태,2,18,748
인식 차이,1,18,748
인식론적 간접성,1,18,748
인식양태,2,18,748
인식양태 표지,1,18,748
인식조사,1,18,748
인용,1,18,748
인용 표지,1,18,748
인용구문,2,18,748
인용동사,2,18,748
인용명사,1,18,748
인용문,1,18,748
인용표지,3,18,748
인용표현,1,18,748
인재 양성 목표,1,18,748
인접성,1,18,748
인지,1,18,748
인지 부하 재분배,1,18,748
인지 의미론,1,18,748
인지과학,1,18,748
인지기호학,2,18,748
인지문법,1,18,748
인지시학,1,18,748
인지언어학,3,18,748
인지이론,1,18,748
인지적 기능,1,18,748
인지적 실재감,1,18,748
인지적 요인,1,18,748
인지적 집합체,1,18,748
인지적 코멘즈,1,18,748
인지적 해석작용,1,18,748
인지적⋅정념적 차원,1,18,748
인지주의,2,18,748
인지형태론,1,18,748
인칭,1,18,748
인터넷 밈,1,18,748
인터랙티브 영화,1,18,748
인터뷰,1,18,748
인포그래픽,1,18,748
일관성,1,18,748
일관성의 원칙,1,18,748
일반 기호학,1,18,748
일반 인지 능력,1,18,748
일반목적 한국어,1,18,748
일반수사학,1,18,748
일본어,1,18,748
일본어 간섭,1,18,748
일본어 기반 크리올,1,18,748
일본어 투 용어,1,18,748
일본의 조선어 교육,1,18,748
일본인 학습자,1,18,748
일본인 한국어 학습자,1,18,748
일상,1,18,748
일상생활에서 사용 가능한 f-워드,1,18,748
일상성,1,18,748
일상어,1,18,748
읽기,1,18,748
읽기 수행능력,1,18,748
읽기 영역 평가,1,18,748
읽기 자료,1,18,748
읽기 전략,1,18,748
읽기 활동,1,18,748
임시 α,1,18,748
임시어,4,18,748
잉여적,1,18,748
자·타 양용,1,18,748
자가 커뮤니케이션,1,18,748
자가평가,1,18,748
자가학습,1,18,748
자격시련,1,18,748
자기계발 담론,1,18,748
자기반의어,1,18,748
자기성,1,18,748
자기성찰,1,18,748
자기조응성,1,18,748
자기조절학습,1,18,748
자기주도성,1,18,748
자기효능감,1,18,748
자동 음성 인식,1,18,748
자동생성,1,18,748
자동채점,1,18,748
자동화 도구,1,18,748
자리,1,18,748
자립형식,1,18,748
자막,1,18,748
자막번역,1,18,748
자문화기술지,1,18,748
자본주의,2,18,748
자비에 돌란,1,18,748
자서전적 글쓰기,1,18,748
자아 이동,1,18,748
자아 참조점,1,18,748
자아-정체성,1,18,748
자아존중감,1,18,748
자아탄력성,1,18,748
자연도태,1,18,748
자연어처리 데이터 셋,1,18,748
자연주의,1,18,748
자유 결합,1,18,748
자유 변이,2,18,748
자유전공학부생,1,18,748
자유학예대학,1,18,748
자율성,1,18,748
자음 체계,1,18,748
자음군,1,18,748
자음군 발음,1,18,748
자의성,1,18,748
자전적 글쓰기,1,18,748
자질기반 감성분석,1,18,748
자치법규,1,18,748
자크 데리다,1,18,748
자크 랑시에르,1,18,748
자크 퐁타뉴,2,18,748
작곡 인공지능,1,18,748
작문 자동평가,1,18,748
작용역,1,18,748
잠재프로파일 분석,1,18,748
장,2,18,748
장 마리 플로슈,1,18,748
장 보드리야르,3,18,748
장 분할,2,18,748
장 제목,2,18,748
장 표지,2,18,748
장(場),1,18,748
장관론,1,18,748
장르,2,18,748
장르 분석,1,18,748
장르 중심,1,18,748
장르적 입구,1,18,748
장르적 혼종성,1,18,748
장법적 특징,1,18,748
장소,1,18,748
장소 의미 형성,1,18,748
장소기반 미디어,1,18,748
장애물,2,18,748
장음,1,18,748
장음표기,1,18,748
재교육,1,18,748
재구,1,18,748
재구조화,3,18,748
재구효과,1,18,748
재매개,1,18,748
재미,3,18,748
재미생산,1,18,748
재분석,5,18,748
재외동포,1,18,748
재일조선인,1,18,748
재전유,1,18,748
재중동포,1,18,748
재치의 격률,1,18,748
재현,4,18,748
재현 도식,1,18,748
재현의 기호학,1,18,748
재현의 위기,1,18,748
쟁크스,1,18,748
저작인격권,1,18,748
저지,1,18,748
저지전략,1,18,748
저항,2,18,748
적용가능한,1,18,748
적응적 탄력성,1,18,748
적합성 이론,1,18,748
전경화,1,18,748
전공 수업,1,18,748
전달 구문,1,18,748
전략,1,18,748
전략부,1,18,748
전문 용어,4,18,748
전문성,1,18,748
전문어,1,18,748
전문용어,3,18,748
전문화,1,18,748
전설,6,18,748
전설 고모음화,1,18,748
전속 표지,1,18,748
전시 기호학,1,18,748
전시기획,1,18,748
전염,1,18,748
전이 형태론,1,18,748
전쟁,2,18,748
전제내용,1,18,748
전지 예술,1,18,748
전체,1,18,748
전통 음식 조리서 검색,1,18,748
전형성,1,18,748
전환,1,18,748
절 연결 영역,1,18,748
절 연결 의미,1,18,748
절단,2,18,748
절단된 신체,1,18,748
절단어,1,18,748
절대적 속도,1,18,748
절충,1,18,748
젊은 그들,1,18,748
접근가능성,1,18,748
접두사,3,18,748
접미사,2,18,748
접미사 ‘-웅’,1,18,748
접미사 ‘-이’,1,18,748
접미한자어,1,18,748
접사,1,18,748
접사성,2,18,748
접속격,1,18,748
접속부사,1,18,748
접속부사 중첩 구성,1,18,748
정간보와 불교,1,18,748
정간보와 불전,1,18,748
정규형,1,18,748
정념,3,18,748
정념 기호학,1,18,748
정념 도식,1,18,748
정도성,1,18,748
정동,1,18,748
정동사,1,18,748
정량 분석,1,18,748
정량적 분석,1,18,748
정물,1,18,748
정보,1,18,748
정보 세미오시스,1,18,748
정보구조,2,18,748
정보성,1,18,748
정보처리,1,18,748
정서 생태계,1,18,748
정서영향평가,1,18,748
정서적 도시 권리,1,18,748
정서적 해석체,1,18,748
정신,1,18,748
정신역학론,1,18,748
정신주의,1,18,748
정원,1,18,748
정위 연산,1,18,748
정음,1,18,748
정음기반 교차검색 엔진,1,18,748
정읍사,1,18,748
정의,1,18,748
정의적 요소,1,18,748
정의적 요인,1,18,748
정정,1,18,748
정중동,1,18,748
정책 용어,1,18,748
정체 확인,1,18,748
정체성,5,18,748
정체성 수행,1,18,748
정체성 코드,1,18,748
정체성 협상,1,18,748
정치,1,18,748
정치 담화 분석,1,18,748
정치적 무의식,1,18,748
정한론,1,18,748
정향변화,1,18,748
정향사,1,18,748
정확성,2,18,748
제1포만트,1,18,748
제2언어 과거시제 습득,1,18,748
제2언어 학습자 정체성,1,18,748
제2언어로서 한국어 교육,1,18,748
제2언어로서의 한국어교육,1,18,748
제2언어습득,1,18,748
제2언어쓰기,1,18,748
제2포만트,1,18,748
제3국 출생 북한이탈주민 자녀,1,18,748
제도적 맥락,1,18,748
제목,2,18,748
제보 기능,1,18,748
제스처,1,18,748
제시 순서,1,18,748
제의성,1,18,748
제주도 무속 신화,1,18,748
제주방언,2,18,748
제주어,1,18,748
제주어 보전,1,18,748
제주어 실태,1,18,748
제주어 인식,1,18,748
제주특별자치도,2,18,748
제주특별자치도 조례,1,18,748
제한적 구성,1,18,748
젠더 용어,1,18,748
젠더적 관점,1,18,748
젭,1,18,748
조건,2,18,748
조건 구성,1,18,748
조건부로 타당한 논증,1,18,748
조르주 바타유,1,18,748
조사,3,18,748
조사 ‘에’,1,18,748
조사 ‘에게’,1,18,748
조사 체계,1,18,748
조사·어미 결합형 식물 명칭,1,18,748
조사분류 체계,1,18,748
조사화,1,18,748
조선무쌍신식요리제법,1,18,748
조선어,1,18,748
조선어 교재,1,18,748
조선족,1,18,748
조셉 캠벨,1,18,748
조어 기제,1,18,748
조음,1,18,748
조음 지각 체계,1,18,748
조응,1,18,748
조직효과성,1,18,748
조커,1,18,748
존 로크,1,18,748
존재론,1,18,748
존재성,1,18,748
존재적 서술화,1,18,748
졸라,1,18,748
종결 형식,1,18,748
종결어미,4,18,748
종교,1,18,748
종교성,1,18,748
종성,1,18,748
종성 철자,1,18,748
종속절,1,18,748
종속화,1,18,748
종이 인쇄물,1,18,748
종조사,1,18,748
종합 합성어,2,18,748
좋다,1,18,748
좋은 교사,1,18,748
좌분리,1,18,748
좌절,1,18,748
주격,1,18,748
주관성,3,18,748
주관적,1,18,748
주관화,2,18,748
주기성,1,18,748
주변 텍스트,1,18,748
주석,1,18,748
주시경,1,18,748
주알,1,18,748
주어,2,18,748
주어 지향적 양태,1,18,748
주어적 속격,2,18,748
주어제약,1,18,748
주저어,1,18,748
주제,2,18,748
주제 범주,1,18,748
주제 이탈 작문,1,18,748
주제 중심 교과 통합 교수,1,18,748
주제 중심 교수법,1,18,748
주제 항목,1,18,748
주제부,1,18,748
주제어,2,18,748
주제전개도식,1,18,748
주제화,1,18,748
주체변화동사,1,18,748
주체비변화동사,1,18,748
주체와 객체,1,18,748
주체화,1,18,748
주화행,1,18,748
준(準),1,18,748
준계사,1,18,748
준단어,1,18,748
준유의어,1,18,748
줄임소,1,18,748
중․고급 한국어 학습자,1,18,748
중간언어,1,18,748
중간언어 음운론,1,18,748
중고 한어,1,18,748
중국 대학,2,18,748
중국 대학 한국어 교육,1,18,748
중국 소수민족,1,18,748
중국 연구자,1,18,748
중국 조선족,2,18,748
중국 지역,1,18,748
중국 학술지,1,18,748
중국식 현대화,1,18,748
중국어,4,18,748
중국어 발음,1,18,748
중국어 발음 교육,1,18,748
중국어 번역,1,18,748
중국어 자연어처리,1,18,748
중국어 초급 학습자,1,18,748
중국어성조,1,18,748
중국어표기,1,18,748
중국인 학습자,5,18,748
중국인 한국어 학습자,2,18,748
중국전산언어학대회,1,18,748
중등학교 한국어 교과서,1,18,748
중립모음,1,18,748
중복,1,18,748
중세 민족어,1,18,748
중심,1,18,748
중심내용,1,18,748
중심어,1,18,748
중요도-실행도 분석,1,18,748
쥐의 혼인,1,18,748
즐거움,1,18,748
증감도 분석,1,18,748
증거성,3,18,748
증대도식,1,18,748
지각,4,18,748
지각 주체,1,18,748
지각과 기호,1,18,748
지각적 범주,1,18,748
지각적 학습스타일,1,18,748
지리 정보 시스템,1,18,748
지명,1,18,748
지미 리아오,1,18,748
지방공기업,1,18,748
지소사,1,18,748
지소형 접미사 ‘-이’,1,18,748
지시,1,18,748
지시 이론,1,18,748
지시 화행,1,18,748
지시관계,1,18,748
지시성,1,18,748
지시소,1,18,748
지시어,1,18,748
지시작용,1,18,748
지시적 튜터링,1,18,748
지시화행의 종류,1,18,748
지식,1,18,748
지식의 출처,1,18,748
지역,1,18,748
지역 방언,2,18,748
지역답사,1,18,748
지역문화브랜딩,1,18,748
지역브랜드,1,18,748
지역성,3,18,748
지역어 어휘교육,1,18,748
지역어 재현,1,18,748
지역언어학,1,18,748
지원,1,18,748
지침,1,18,748
지테,1,18,748
지표,1,18,748
지표(성),1,18,748
지표성,3,18,748
지표성(지표적 자질),1,18,748
지표화,1,18,748
지향,2,18,748
직관적 타당성,1,18,748
직무스트레스,1,18,748
직소 듣기 및 읽기 과업,1,18,748
직시,1,18,748
직시소,1,18,748
직역,1,18,748
직접 증거성,1,18,748
직접인용,1,18,748
직접인용문,1,18,748
직접지식,1,18,748
직접화법,1,18,748
진단 의학,1,18,748
진동,1,18,748
진주 지역어,1,18,748
진행상,1,18,748
진행중인담화,1,18,748
진화,2,18,748
질병,2,18,748
질서,1,18,748
질적 내용분석,1,18,748
질적 사례 연구,1,18,748
질적 연구,1,18,748
질적방법론,1,18,748
질화사,1,18,748
집단 기억,1,18,748
쫓겨나는 딸들,1,18,748
차경,1,18,748
차별문항기능,1,18,748
차별적 표현,1,18,748
차별화,1,18,748
차원성,1,18,748
차이,3,18,748
찰스 s. 퍼스,1,18,748
참여문화,1,18,748
창의성,1,18,748
창의적 교육,1,18,748
창의적 발상,1,18,748
창조,1,18,748
창조성,1,18,748
채점 신뢰도,1,18,748
채점 자질,1,18,748
채점 특성,1,18,748
채점자 간 협의,1,18,748
채점자 일관성,1,18,748
채점자 훈련,1,18,748
책,1,18,748
책무 기능,1,18,748
챗gpt,2,18,748
챗지피티,1,18,748
척도적 대립,1,18,748
천군전,1,18,748
천연두,1,18,748
천지인 방식,1,18,748
철자 발음,1,18,748
철자인지,1,18,748
첨단 과학기술,1,18,748
첨사,1,18,748
청각 기호,1,18,748
청소년 대상 한국어 교재,1,18,748
청어노걸대,1,18,748
청원(請願),1,18,748
청자 배제형,1,18,748
청자 포괄형,1,18,748
청자. 화자. 화용적 차원,1,18,748
청자경어법,1,18,748
청점,1,18,748
청혼화행,1,18,748
체계이론,1,18,748
체면,1,18,748
체면 위협 행위,4,18,748
체면위협행위,1,18,748
체언 복합어,1,18,748
체제,1,18,748
체험주의,1,18,748
체현,1,18,748
체화된 마음,1,18,748
체화된 인지,1,18,748
초구조,1,18,748
초급 학습자,1,18,748
초급 한국어 교육,1,18,748
초기 위클리프성서,1,18,748
초등 학습자,1,18,748
초등영어교실,1,18,748
초월,2,18,748
초점,2,18,748
초점영역,1,18,748
초점집단면접,1,18,748
초학제성,1,18,748
초현실주의,1,18,748
촉각,1,18,748
총체서술,1,18,748
총체적 언어 사실,1,18,748
총체적 평가,1,18,748
총칙,1,18,748
총칭적 객관화 원리,1,18,748
최부의 <표해록>,1,18,748
최소주의,3,18,748
최인훈,1,18,748
최적성 이론,1,18,748
최치원,1,18,748
최현배,1,18,748
최후의 인간,1,18,748
추론,3,18,748
추론 통계,1,18,748
추론적 요약,1,18,748
추리,2,18,748
추리소설,1,18,748
추천 요청문 분석,1,18,748
추천 챗봇,1,18,748
추출적 요약,1,18,748
추측,1,18,748
축소화,1,18,748
축약,1,18,748
축약형 단어,1,18,748
축자적 의미,1,18,748
축제,1,18,748
출국 전 사전 훈련,1,18,748
출현 빈도,2,18,748
출현적 속성,1,18,748
춤기호,1,18,748
충북지역,1,18,748
충분성의원칙,1,18,748
취업 한국어,1,18,748
층위,1,18,748
치료의 서사,1,18,748
치환,1,18,748
친소관계,1,18,748
친족 명칭,1,18,748
칭찬의 격률,1,18,748
카를 뷜러,1,18,748
카자흐 국립사범대학교,1,18,748
카자흐스탄,1,18,748
카자흐스탄 한국어 학습자,1,18,748
카카오 톡,1,18,748
칼 맑스. 동학농민운동. 사발통문. 선언문. 개혁문. 모달리떼. 상징성. 기호학,1,18,748
캄포광장,1,18,748
커리큘럼,1,18,748
커뮤니케이션,3,18,748
커뮤니케이션디자인,1,18,748
케이 푸드,1,18,748
케이팝,1,18,748
케이팝 데몬 헌터스,1,18,748
코나투스,1,18,748
코드,2,18,748
코드 스위칭,1,18,748
코드 이론,1,18,748
코드 혼용,1,18,748
코드스위칭,1,18,748
코로나,1,18,748
코로나19,3,18,748
코리아니제이션,1,18,748
코스페이시스,1,18,748
코퍼스,4,18,748
코퍼스 분석,1,18,748
코퍼스 언어학,2,18,748
코퍼스 주도 접근방식,1,18,748
코퍼스언어학,2,18,748
콘텍스트,1,18,748
쿨리타,1,18,748
퀘벡,1,18,748
큐레이팅,1,18,748
크로스미디어 스토리텔링,1,18,748
크롬웰,1,18,748
크리스티앙 메츠,1,18,748
클래식 음악,1,18,748
클러스터,1,18,748
클로즈 테스트,1,18,748
키르기스스탄 독립세대,1,18,748
킹제임스성서,1,18,748
타당도 검사,1,18,748
타당성,2,18,748
타라 웨스트오버,1,18,748
타이야어,1,18,748
타이야족,1,18,748
타이포그래피,2,18,748
타인의 목소리,1,18,748
타임스퀘어,1,18,748
타자의 욕망,1,18,748
탁시스,1,18,748
탄뎀 수업,1,18,748
탄생담,1,18,748
탈근대성,1,18,748
탈식민주의,1,18,748
탈종속화,1,18,748
탈주,1,18,748
탐구공동체,1,18,748
탐구로서의 이야기,1,18,748
탐색적 요인분석,1,18,748
탐정소설,1,18,748
태국 중등학교,1,18,748
태국어,1,18,748
태국어 모어 화자,1,18,748
태국어 정음치환전사,1,18,748
태국어성조,1,18,748
태국인 한국어 학습자,1,18,748
태도,1,18,748
터부,1,18,748
테크노 무속,1,18,748
텍스트,8,18,748
텍스트 구,1,18,748
텍스트 구조,3,18,748
텍스트 구조 지도,1,18,748
텍스트 기능,1,18,748
텍스트 내적 완결성,1,18,748
텍스트 마이닝,1,18,748
텍스트 메시지,1,18,748
텍스트 문법,1,18,748
텍스트 복잡성,1,18,748
텍스트 분석,4,18,748
텍스트 생산,1,18,748
텍스트 유형,5,18,748
텍스트 유형 분류,1,18,748
텍스트 의미론,1,18,748
텍스트 전형,1,18,748
텍스트 제목,1,18,748
텍스트 종류,1,18,748
텍스트 주제,1,18,748
텍스트 처리,1,18,748
텍스트구조,2,18,748
텍스트기능,1,18,748
텍스트기호학,1,18,748
텍스트분석,3,18,748
텍스트성,4,18,748
텍스트세계,1,18,748
텍스트언어학,5,18,748
텍스트와 이미지의 관계,1,18,748
텍스트와 이미지의 통합,1,18,748
텍스트의 극성,1,18,748
텍스트의 실제 세계,1,18,748
텍스트의 지시 세계,1,18,748
텍스트의 혼질성,1,18,748
텍스트장르,1,18,748
텍스트적 공간,1,18,748
텍스트종류,2,18,748
텍스트종류 분류,1,18,748
텔레비전 뉴스 사용역,1,18,748
토론,1,18,748
토론 태도,1,18,748
토리노의 수의,1,18,748
토크쇼,1,18,748
토픽 대비반,1,18,748
토픽모델링,2,18,748
통계분석,2,18,748
통계적 검정,1,18,748
통문장표현,1,18,748
통사구조 형성,1,18,748
통사부 결과물,1,18,748
통사적 구성,4,18,748
통사적 구성의 단어화,1,18,748
통사적 기능,1,18,748
통사적 복합도,1,18,748
통사적 숙달도,1,18,748
통사적 중의성,1,18,748
통시 형태론,1,18,748
통시론,1,18,748
통시적 과정,1,18,748
통시적 변천,1,18,748
통시적 변화,2,18,748
통시적 해석체,1,18,748
통역 불안,1,18,748
통역교육,1,18,748
통제,1,18,748
통합 관계,1,18,748
통합관계,2,18,748
통합성 지수,1,18,748
통합양상,1,18,748
통합적 분석,1,18,748
통합적 스토리텔링,1,18,748
통합지향적 언어태도,1,18,748
통합형어미,1,18,748
투사원리,1,18,748
퉁구스 어군,1,18,748
퉁구스어,1,18,748
튀르크 어군,1,18,748
튀르크어,1,18,748
트랜스미디어 스토리텔링,2,18,748
트랜스휴머니티,1,18,748
트레일러,1,18,748
특수격,1,18,748
특수목적 한국어,1,18,748
특이성,1,18,748
틀,2,18,748
틀 서사,1,18,748
틀-어휘소,1,18,748
틀의 강도,1,18,748
틀의 상세도,1,18,748
틈,1,18,748
티벳어,1,18,748
티에프-아이디에프,1,18,748
틴데일성서,1,18,748
파견 교원,1,18,748
파동,1,18,748
파롤,1,18,748
파리학파 기호학,1,18,748
파생,1,18,748
파생 지수,1,18,748
파생성,1,18,748
파생실재,2,18,748
파생어,2,18,748
파생접사,2,18,748
파업,1,18,748
파편,1,18,748
파편소,1,18,748
판단과 책임,1,18,748
판본 연구,1,18,748
판타지,1,18,748
패러다임,1,18,748
패러디,2,18,748
팬 담화,1,18,748
팬덤,1,18,748
퍼스,4,18,748
퍼스 기호유형,1,18,748
퍼스 기호학,11,18,748
퍼스기호학,1,18,748
퍼스의 기호학,1,18,748
퍼지셋 질적비교분석,1,18,748
편향성,1,18,748
평가 목록,1,18,748
평가어 체계,1,18,748
평균,1,18,748
평면성,1,18,748
평생 교육,1,18,748
평안 방언,1,18,748
평양 지역어,1,18,748
평이한 언어,1,18,748
평준화,1,18,748
폐결핵,1,18,748
포스트 에디팅,1,18,748
포스트-,1,18,748
포스트모더니즘,2,18,748
포스트인문학,1,18,748
포스트휴먼,2,18,748
포이에틱,1,18,748
포착,2,18,748
포함관계,3,18,748
포화,1,18,748
폭력,2,18,748
폼페이 포럼,1,18,748
표기,1,18,748
표도로프,1,18,748
표면적 차별어,1,18,748
표준영어,1,18,748
표준정책서,1,18,748
표층어휘부,1,18,748
표현,1,18,748
표현 문형,2,18,748
표현 양상,1,18,748
표현 어휘,1,18,748
표현모드,1,18,748
표현으로서의 신체,1,18,748
품사,1,18,748
프랑스 k-pop 팬덤,1,18,748
프랑스어 유의어,1,18,748
프레임,2,18,748
프레임 안의 프레임,1,18,748
프로젝트기반 수업,1,18,748
프로필,1,18,748
프롬프트 언어,1,18,748
프릭크,1,18,748
플라톤,1,18,748
플로렌스 시뇨리아 광장,1,18,748
플롯,1,18,748
플루서,1,18,748
플립드 러닝,1,18,748
플립러닝,1,18,748
플립러닝 수업 모형,1,18,748
피규랄,1,18,748
피동,1,18,748
피드백,2,18,748
피부 은유,1,18,748
피인용문,2,18,748
피쳐 이동전화기,1,18,748
피치 시각화 피드백,1,18,748
필수경우분석,1,18,748
필자,1,18,748
필체,1,18,748
필터-스크린,1,18,748
하강 도식,1,18,748
하강도식,2,18,748
하늘,1,18,748
하위 텍스트,1,18,748
하위도상,1,18,748
하위범주화,1,18,748
하이브리드 러닝,1,18,748
하이퍼리얼리티,1,18,748
학 글쓰기,1,18,748
학교 문법 용어,1,18,748
학교생활적응,1,18,748
학문 목적 쓰기,1,18,748
학문 목적 학습자,1,18,748
학문 목적 한국어,5,18,748
학문 목적 한국어 학습자,2,18,748
학문 목적 한국어교육,1,18,748
학문목적 학습자,2,18,748
학문목적 한국어,1,18,748
학문적 쓰기,1,18,748
학문적 참여,1,18,748
학술 말뭉치,1,18,748
학술 텍스트,1,18,748
학술 한국어,1,18,748
학술용어,2,18,748
학술용어 정비,2,18,748
학술적 글쓰기,3,18,748
학술적 글쓰기 코칭,1,18,748
학습 동기,4,18,748
학습 만족도,1,18,748
학습 목적,1,18,748
학습 의미,1,18,748
학습 한국어,3,18,748
학습 효과,1,18,748
학습 흥미도,1,18,748
학습과학,1,18,748
학습관리시스템,1,18,748
학습내용-학습자-교수자 상호작용,1,18,748
학습목적,1,18,748
학습자 말뭉치,2,18,748
학습자 말뭉치 연구,1,18,748
학습자 모어,2,18,748
학습자 변인,1,18,748
학습자 언어,1,18,748
학습자 요구,1,18,748
학습자 유형화,1,18,748
학습자 인식,3,18,748
학습자 중심 교육,1,18,748
학습자 중심의 문화 교육,1,18,748
학습자 텍스트,1,18,748
학습자-교수자 상호작용,1,18,748
학습자-학습자-교수자 상호작용,1,18,748
학습자의 체험,1,18,748
학습전략,1,18,748
학제적 교육과정,1,18,748
학체,1,18,748
한·중 대조,1,18,748
한·중·일,1,18,748
한·중대응 양상,1,18,748
한계성,1,18,748
한계의 과학,1,18,748
한국 영상 매체,1,18,748
한국 코미디 쇼,1,18,748
한국 홍보영상,1,18,748
한국고전시가,1,18,748
한국기술표준,1,18,748
한국기호학회,1,18,748
한국기호학회 30주년,1,18,748
한국문학교육,1,18,748
한국문화 교육,1,18,748
한국문화교육,2,18,748
한국방송통신표준,1,18,748
한국어,9,18,748
한국어 교사,5,18,748
한국어 교사의 불안 척도,1,18,748
한국어 교사의 즐거움 척도,1,18,748
한국어 교수요목,1,18,748
한국어 교실,1,18,748
한국어 교원의 인식,1,18,748
한국어 교육,15,18,748
한국어 교육 정책,1,18,748
한국어 교육과정,4,18,748
한국어 교육과정 설계,2,18,748
한국어 교육사,1,18,748
한국어 교육의 실행 요소,1,18,748
한국어 교재,4,18,748
한국어 교재 개발,1,18,748
한국어 기초문해 능력,1,18,748
한국어 능력 성취,1,18,748
한국어 능숙도,1,18,748
한국어 단모음,1,18,748
한국어 듣기 평가,1,18,748
한국어 말하기,1,18,748
한국어 말하기 평가,2,18,748
한국어 모어,1,18,748
한국어 모어 화자,3,18,748
한국어 문법 교육,2,18,748
한국어 문화 교육,1,18,748
한국어 발음,1,18,748
한국어 발음 교육,3,18,748
한국어 발음 평가,1,18,748
한국어 발음교육,1,18,748
한국어 사설,1,18,748
한국어 성취도 평가,1,18,748
한국어 수업 양상,1,18,748
한국어 숙달도,1,18,748
한국어 쓰기 과제,1,18,748
한국어 쓰기 교육,2,18,748
한국어 쓰기 평가,1,18,748
한국어 어두비음,1,18,748
한국어 어두파열음,1,18,748
한국어 어휘 교육,1,18,748
한국어 어휘 학습,1,18,748
한국어 언어경관,1,18,748
한국어 원어민,1,18,748
한국어 음성상징어,1,18,748
한국어 이중모음,1,18,748
한국어 이중언어 몰입,1,18,748
한국어 인칭,1,18,748
한국어 읽기 교재,1,18,748
한국어 전공,1,18,748
한국어 정보 처리,1,18,748
한국어 주격조사,1,18,748
한국어 초급 교재,1,18,748
한국어 초급 콘텐츠,1,18,748
한국어 토론,1,18,748
한국어 폐쇄음,1,18,748
한국어 학습,1,18,748
한국어 학습자,6,18,748
한국어 학습자 말뭉치,4,18,748
한국어-러시아어 이중언어,1,18,748
한국어교사,1,18,748
한국어교사의 인식,1,18,748
한국어교육,15,18,748
한국어교육과정,1,18,748
한국어교육실습,1,18,748
한국어교재,1,18,748
한국어능력시험,4,18,748
한국어학습자말뭉치,1,18,748
한국연구재단,1,18,748
한국인 대학생,1,18,748
한국인 표준 음성db,1,18,748
한국적인 것,1,18,748
한국전쟁,1,18,748
한국춤,3,18,748
한국형 온라인 공개강좌,1,18,748
한글,4,18,748
한글 맞춤법,1,18,748
한글 세계화,1,18,748
한글 자역,1,18,748
한글 콘텐츠,1,18,748
한글라이제이션,1,18,748
한글문화 독립투쟁,1,18,748
한글문화 자강운동,1,18,748
한글서예,1,18,748
한글이름,1,18,748
한글학교,1,18,748
한글학교 교사,1,18,748
한류 콘텐츠,1,18,748
한자,1,18,748
한자 형태소,1,18,748
한자어,7,18,748
한자어 음운론,1,18,748
한자어 조어법,1,18,748
한자이름,1,18,748
한정,1,18,748
한정조사,1,18,748
한･중 대조 언어,1,18,748
함축의미,1,18,748
합리적 의사소통,1,18,748
합산 점수,1,18,748
합성,1,18,748
합성 명사,1,18,748
합성 지수,1,18,748
합성어,1,18,748
합의적 질적 연구,1,18,748
해리적 자아,1,18,748
해리적 정체성,1,18,748
해방 직후,1,18,748
해석,1,18,748
해석소,1,18,748
해석의미론,2,18,748
해석자,1,18,748
해석적 코드,1,18,748
해석적 틀,1,18,748
해석적 환언,1,18,748
해석체,1,18,748
해석학적 협상,1,18,748
해외 고등교육,1,18,748
해외 한국어 교육,1,18,748
해외 한국어 교육실습,1,18,748
해외 한국어 동료 튜터링,1,18,748
해외 한국어 보급 정책,1,18,748
해외 한국어 학습자,1,18,748
해이,1,18,748
해체,1,18,748
핵,2,18,748
핵심 기능,1,18,748
핵심 클러스터 분석,1,18,748
핵심도,1,18,748
핵심어,1,18,748
핵심어 분석,1,18,748
핵어표지,1,18,748
행위,2,18,748
행위 기반 범주론,1,18,748
행위 양태,1,18,748
행위능력,1,18,748
행위소,1,18,748
행위소 모형,1,18,748
행위의 조직,1,18,748
행위자,1,18,748
행위자 연결망,1,18,748
행위자-네트워크,1,18,748
행위자-연결망 이론,1,18,748
행위주체적 자아,1,18,748
행정 기관,1,18,748
행정실,1,18,748
행정용어,1,18,748
향미,1,18,748
헐,1,18,748
헤어질 결심,1,18,748
헤일로,1,18,748
헤지,1,18,748
헤지 표현,1,18,748
헤테로글로 시아,1,18,748
헤테로크로닉,1,18,748
헤테로토피아,1,18,748
헬스 리터러시,1,18,748
혀의 고저,1,18,748
혀의 전후,1,18,748
현대 미국정치,1,18,748
현대 민족어,1,18,748
현대몽골어,1,18,748
현동태,1,18,748
현상학,2,18,748
현상학적 연구,1,18,748
현상학적 탐구,1,18,748
현실,1,18,748
현실 발음 교육,1,18,748
현장 연구,1,18,748
현재 시제,1,18,748
현재시제,1,18,748
현저성,1,18,748
현존,1,18,748
현존화,1,18,748
현지 교원,1,18,748
현황 및 과제,1,18,748
혐오 표현,1,18,748
협동학습,1,18,748
협력,1,18,748
협력성,1,18,748
협력의 원리,1,18,748
협력적 완결,1,18,748
협력학습,1,18,748
협업성,1,18,748
협업형 이클래스,1,18,748
형법,1,18,748
형상,1,18,748
형성,2,18,748
형식,1,18,748
형식 구조,1,18,748
형식적 기제,1,18,748
형용사,2,18,748
형용사 파생 접미사,1,18,748
형용사의 논항 구조,1,18,748
형용사의 동사적 용법,1,18,748
형태론,3,18,748
형태론적 분석,1,18,748
형태론적 재분석,1,18,748
형태론적 틀,1,18,748
형태론적 현저성,2,18,748
형태부,1,18,748
형태부 결과물,1,18,748
형태소,2,18,748
형태소 분석,1,18,748
형태소구조조건,1,18,748
형태소분석 말뭉치,1,18,748
형태소의 분석,1,18,748
형태의미론,1,18,748
형태적 복합어,1,18,748
호명,1,18,748
호소 기능,1,18,748
호환,1,18,748
혼성,3,18,748
혼성어,7,18,748
화맥,1,18,748
화석형,1,18,748
화용론,1,18,748
화용적 강화,1,18,748
화용적 실패,4,18,748
화용적 용인 가능성,1,18,748
화용적 의미,1,18,748
화자,1,18,748
화자 신정보,1,18,748
화제,1,18,748
화제 전환,1,18,748
화제중심교수,1,18,748
화행,3,18,748
화행 교육,1,18,748
화행 구조,1,18,748
화행 분류,1,18,748
화행 요소,1,18,748
화행 전략,3,18,748
화행론,1,18,748
확산,1,18,748
확신,1,18,748
환상적 사실성,1,18,748
환언,1,18,748
환유,6,18,748
활성지역,1,18,748
활성화,1,18,748
활용,2,18,748
활용형,4,18,748
활용형의 변화,1,18,748
회귀물. 예지몽,1,18,748
회복적 글쓰기,1,18,748
회복탄력성,1,18,748
회피,1,18,748
효행전설,1,18,748
후각,1,18,748
후기 위클리프성서,1,18,748
후기구조주의,1,18,748
후두 자질 사실성 이론,1,18,748
후접성,1,18,748
후접어,1,18,748
후치사,4,18,748
후치사 유형론,1,18,748
후회,1,18,748
훈민정음,2,18,748
휴먼 커뮤니케이션,1,18,748
휴지,1,18,748
휴타고지,1,18,748
흥선대원군,1,18,748
희생,1,18,748
